timestamp,time,open,high,low,close,volume
1733464800000,1733464800000,0.11806,0.12125,0.08991,0.09182,67532676.0
1733486400000,1733486400000,0.09182,0.10225,0.07044,0.08971,326807558.0
1733508000000,1733508000000,0.08971,0.10985,0.0843,0.10365,87332465.0
1733529600000,1733529600000,0.10365,0.10588,0.08228,0.08914,79221098.0
1733551200000,1733551200000,0.08914,0.09696,0.08577,0.08871,84606267.0
1733572800000,1733572800000,0.08871,0.08994,0.08402,0.08737,60171905.0
1733594400000,1733594400000,0.08737,0.09041,0.08462,0.08762,32660129.0
1733616000000,1733616000000,0.08762,0.09068,0.08244,0.08454,37670682.0
1733637600000,1733637600000,0.08454,0.08604,0.0802,0.08201,44626488.0
1733659200000,1733659200000,0.08201,0.08517,0.08121,0.08341,47099174.0
1733680800000,1733680800000,0.08341,0.0876,0.08236,0.08322,28922301.0
1733702400000,1733702400000,0.08322,0.08663,0.08125,0.08226,40458390.0
1733724000000,1733724000000,0.08226,0.08326,0.07342,0.07545,138430290.0
1733745600000,1733745600000,0.07545,0.08116,0.07234,0.07392,88303324.0
1733767200000,1733767200000,0.07392,0.07546,0.05012,0.0621,139985318.0
1733788800000,1733788800000,0.0621,0.06633,0.05648,0.06451,39327197.0
1733810400000,1733810400000,0.06451,0.08822,0.06187,0.08325,173089000.0
1733832000000,1733832000000,0.08325,0.09884,0.07131,0.07222,289507984.0
1733853600000,1733853600000,0.07222,0.07517,0.06718,0.074,71939615.0
1733875200000,1733875200000,0.074,0.07414,0.0678,0.07007,80177056.0
1733896800000,1733896800000,0.07007,0.07335,0.06895,0.07075,60576927.0
1733918400000,1733918400000,0.07075,0.08199,0.07048,0.07354,100655471.0
1733940000000,1733940000000,0.07354,0.0782,0.0728,0.07633,29407251.0
1733961600000,1733961600000,0.07633,0.093,0.07606,0.08337,103377402.0
1733983200000,1733983200000,0.08337,0.09013,0.08142,0.08565,66941072.0
1734004800000,1734004800000,0.08565,0.10041,0.08453,0.09398,125564825.0
1734026400000,1734026400000,0.09398,0.09485,0.08487,0.08687,77216032.0
1734048000000,1734048000000,0.08687,0.08996,0.08087,0.08184,58073457.0
1734069600000,1734069600000,0.08184,0.08311,0.07909,0.08173,49219717.0
1734091200000,1734091200000,0.08173,0.0821,0.07703,0.07826,43129246.0
1734112800000,1734112800000,0.07826,0.07891,0.07447,0.07546,28981583.0
1734134400000,1734134400000,0.07546,0.08008,0.07381,0.07805,33870274.0
1734156000000,1734156000000,0.07805,0.07942,0.07466,0.0756,29485570.0
1734177600000,1734177600000,0.0756,0.07724,0.07104,0.07137,40163847.0
1734199200000,1734199200000,0.07137,0.07324,0.07029,0.07303,17544433.0
1734220800000,1734220800000,0.07303,0.07382,0.07123,0.07292,18634746.0
1734242400000,1734242400000,0.07292,0.07695,0.07165,0.07628,19893678.0
1734264000000,1734264000000,0.07628,0.07802,0.07237,0.07319,31183022.0
1734285600000,1734285600000,0.07319,0.07652,0.07205,0.07423,20594166.0
1734307200000,1734307200000,0.07423,0.07796,0.0737,0.075,27013932.0
1734328800000,1734328800000,0.075,0.07533,0.0699,0.07021,29957718.0
1734350400000,1734350400000,0.07021,0.07629,0.07016,0.07208,28580271.0
1734372000000,1734372000000,0.07208,0.07247,0.07021,0.07069,15282637.0
1734393600000,1734393600000,0.07069,0.0713,0.06741,0.06926,19017781.0
1734415200000,1734415200000,0.06926,0.07,0.06817,0.06877,14803845.0
1734436800000,1734436800000,0.06877,0.06901,0.06359,0.06655,25162198.0
1734458400000,1734458400000,0.06655,0.06656,0.05958,0.06116,24264680.0
1734480000000,1734480000000,0.06116,0.06459,0.06068,0.0624,26671314.0
1734501600000,1734501600000,0.0624,0.06565,0.06195,0.0633,18753980.0
1734523200000,1734523200000,0.0633,0.06892,0.061,0.06434,25758624.0
1734544800000,1734544800000,0.06434,0.06717,0.05951,0.05957,40339384.0
1734566400000,1734566400000,0.05957,0.06477,0.05776,0.06337,33425129.0
1734588000000,1734588000000,0.06337,0.06571,0.06008,0.06084,29191815.0
1734609600000,1734609600000,0.06084,0.06084,0.0538,0.05496,34291473.0
1734631200000,1734631200000,0.05496,0.0557,0.05198,0.05272,31551645.0
1734652800000,1734652800000,0.05272,0.05511,0.05144,0.0529,29981129.0
1734674400000,1734674400000,0.0529,0.05434,0.04586,0.04607,43537925.0
1734696000000,1734696000000,0.04607,0.05375,0.04601,0.05213,30606270.0
1734717600000,1734717600000,0.05213,0.05528,0.05147,0.05494,15675114.0
1734739200000,1734739200000,0.05494,0.06229,0.05422,0.05897,43696156.0
1734760800000,1734760800000,0.05897,0.05905,0.05536,0.05578,16055706.0
1734782400000,1734782400000,0.05578,0.05645,0.05155,0.05251,26844636.0
1734804000000,1734804000000,0.05251,0.05286,0.05071,0.05165,11190911.0
1734825600000,1734825600000,0.05165,0.05262,0.04854,0.0497,13397975.0
1734847200000,1734847200000,0.0497,0.05212,0.04872,0.05191,12033518.0
1734868800000,1734868800000,0.05191,0.05261,0.04949,0.05068,15871478.0
1734890400000,1734890400000,0.05068,0.05156,0.04842,0.05027,14249112.0
1734912000000,1734912000000,0.05027,0.05414,0.04914,0.05228,19765232.0
1734933600000,1734933600000,0.05228,0.05242,0.04993,0.05043,15345357.0
1734955200000,1734955200000,0.05043,0.05153,0.04904,0.05011,16975702.0
1734976800000,1734976800000,0.05011,0.05332,0.04969,0.05263,10705782.0
1734998400000,1734998400000,0.05263,0.05289,0.05031,0.05261,12875529.0
1735020000000,1735020000000,0.05261,0.05291,0.0512,0.05205,9837311.0
1735041600000,1735041600000,0.05205,0.0545,0.05152,0.05368,9345303.0
1735063200000,1735063200000,0.05368,0.05467,0.0523,0.05322,7070790.0
1735084800000,1735084800000,0.05322,0.05781,0.05151,0.05459,25127314.0
1735106400000,1735106400000,0.05459,0.05531,0.0526,0.05291,11849558.0
1735128000000,1735128000000,0.05291,0.05412,0.05136,0.05236,9925726.0
1735149600000,1735149600000,0.05236,0.053,0.0515,0.05277,4652385.0
1735171200000,1735171200000,0.05277,0.05334,0.04956,0.04978,12813921.0
1735192800000,1735192800000,0.04978,0.05006,0.04738,0.04891,19725767.0
1735214400000,1735214400000,0.04891,0.05039,0.0479,0.04808,11843425.0
1735236000000,1735236000000,0.04808,0.049,0.04763,0.04845,8314181.0
1735257600000,1735257600000,0.04845,0.04894,0.04807,0.04865,9142760.0
1735279200000,1735279200000,0.04865,0.0615,0.04864,0.05858,178117708.0
1735300800000,1735300800000,0.05858,0.05925,0.05277,0.05461,51763855.0
1735322400000,1735322400000,0.05461,0.05499,0.0518,0.05239,15156380.0
1735344000000,1735344000000,0.05239,0.05576,0.05234,0.05334,27305355.0
1735365600000,1735365600000,0.05334,0.05376,0.0518,0.05231,13687027.0
1735387200000,1735387200000,0.05231,0.0539,0.051,0.05116,13697515.0
1735408800000,1735408800000,0.05116,0.05255,0.05101,0.0521,4312846.0
1735430400000,1735430400000,0.0521,0.05222,0.05038,0.05089,8365646.0
1735452000000,1735452000000,0.05089,0.05286,0.0508,0.05156,7099796.0
1735473600000,1735473600000,0.05156,0.0519,0.04978,0.05035,7052581.0
1735495200000,1735495200000,0.05035,0.05525,0.05,0.05335,23233991.0
1735516800000,1735516800000,0.05335,0.05544,0.05245,0.05368,19540101.0
1735538400000,1735538400000,0.05368,0.05385,0.05104,0.05143,14185047.0
1735560000000,1735560000000,0.05143,0.05246,0.04967,0.05172,13463862.0
1735581600000,1735581600000,0.05172,0.05266,0.0504,0.05085,6201246.0
1735603200000,1735603200000,0.05085,0.05217,0.04963,0.05027,10978433.0
1735624800000,1735624800000,0.05027,0.05101,0.04956,0.05047,10205033.0
1735646400000,1735646400000,0.05047,0.05181,0.04985,0.05017,12062221.0
1735668000000,1735668000000,0.05017,0.0504,0.0493,0.04963,6814627.0
1735689600000,1735689600000,0.04963,0.05079,0.04953,0.04992,7028462.0
1735711200000,1735711200000,0.04992,0.05061,0.0487,0.04953,7528337.0
1735732800000,1735732800000,0.04953,0.05125,0.04893,0.05116,10680091.0
1735754400000,1735754400000,0.05116,0.0517,0.05083,0.05097,4072881.0
1735776000000,1735776000000,0.05097,0.05284,0.05051,0.05189,9101890.0
1735797600000,1735797600000,0.05189,0.05346,0.05123,0.05254,10443702.0
1735819200000,1735819200000,0.05254,0.053,0.05092,0.05205,8609738.0
1735840800000,1735840800000,0.05205,0.05287,0.0516,0.05178,3674098.0
1735862400000,1735862400000,0.05178,0.05184,0.05026,0.05053,5838496.0
1735884000000,1735884000000,0.05053,0.05123,0.0496,0.05109,8173300.0
1735905600000,1735905600000,0.05109,0.05267,0.05082,0.05214,8663563.0
1735927200000,1735927200000,0.05214,0.05446,0.05204,0.05392,5545558.0
1735948800000,1735948800000,0.05392,0.05404,0.05246,0.05328,6267306.0
1735970400000,1735970400000,0.05328,0.05586,0.05285,0.05385,10503659.0
1735992000000,1735992000000,0.05385,0.05602,0.05376,0.05468,11123049.0
1736013600000,1736013600000,0.05468,0.05555,0.05336,0.05345,4520113.0
1736035200000,1736035200000,0.05345,0.05402,0.05328,0.05346,3528307.0
1736056800000,1736056800000,0.05346,0.05355,0.05261,0.05313,5363919.0
1736078400000,1736078400000,0.05313,0.05363,0.05221,0.05328,5548484.0
1736100000000,1736100000000,0.05328,0.05383,0.05311,0.05319,2560870.0
1736121600000,1736121600000,0.05319,0.05394,0.05258,0.05367,5118346.0
1736143200000,1736143200000,0.05367,0.05423,0.05303,0.05422,4123490.0
1736164800000,1736164800000,0.05422,0.05701,0.05422,0.05538,13247285.0
1736186400000,1736186400000,0.05538,0.0554,0.0541,0.05451,2426778.0
1736208000000,1736208000000,0.05451,0.05547,0.05381,0.05415,5465789.0
1736229600000,1736229600000,0.05415,0.0635,0.05397,0.05712,42440449.0
1736251200000,1736251200000,0.05712,0.05861,0.05417,0.05534,16223652.0
1736272800000,1736272800000,0.05534,0.05633,0.05157,0.05171,10783107.0
1736294400000,1736294400000,0.05171,0.05261,0.05007,0.05024,7813187.0
1736316000000,1736316000000,0.05024,0.05067,0.04876,0.04893,8800662.0
1736337600000,1736337600000,0.04893,0.0496,0.04655,0.04769,8693302.0
1736359200000,1736359200000,0.04769,0.04962,0.04769,0.04948,6501701.0
1736380800000,1736380800000,0.04948,0.05014,0.04785,0.04792,4618309.0
1736402400000,1736402400000,0.04792,0.04825,0.04542,0.04603,8862616.0
1736424000000,1736424000000,0.04603,0.04712,0.04449,0.04627,11662947.0
1736445600000,1736445600000,0.04627,0.04645,0.04467,0.04558,6932195.0
1736467200000,1736467200000,0.04558,0.0459,0.04501,0.04553,7380416.0
1736488800000,1736488800000,0.04553,0.0469,0.04546,0.04658,3399616.0
1736510400000,1736510400000,0.04658,0.0467,0.0445,0.04605,10494037.0
1736532000000,1736532000000,0.04605,0.04618,0.04569,0.046,2833657.0
1736553600000,1736553600000,0.046,0.04607,0.04496,0.04519,2992894.0
1736575200000,1736575200000,0.04519,0.0462,0.04476,0.04514,3881609.0
1736596800000,1736596800000,0.04514,0.04525,0.04481,0.04504,1776641.0
1736618400000,1736618400000,0.04504,0.04578,0.04481,0.04536,1786769.0
1736640000000,1736640000000,0.04536,0.04553,0.04505,0.04516,994291.0
1736661600000,1736661600000,0.04516,0.04521,0.04272,0.04355,6310024.0
1736683200000,1736683200000,0.04355,0.04432,0.04338,0.04397,3412295.0
1736704800000,1736704800000,0.04397,0.04414,0.04336,0.04371,2446777.0
1736726400000,1736726400000,0.04371,0.0445,0.04041,0.04065,10509449.0
1736748000000,1736748000000,0.04065,0.04087,0.03717,0.03729,12541096.0
1736769600000,1736769600000,0.03729,0.03953,0.03708,0.03793,11010774.0
1736791200000,1736791200000,0.03793,0.04002,0.03771,0.03964,9923196.0
1736812800000,1736812800000,0.03964,0.04033,0.03907,0.03972,4048009.0
1736834400000,1736834400000,0.03972,0.04094,0.03963,0.04046,3842828.0
1736856000000,1736856000000,0.04046,0.04203,0.03974,0.04033,8397804.0
1736877600000,1736877600000,0.04033,0.04092,0.04005,0.04021,3417134.0
1736899200000,1736899200000,0.04021,0.04046,0.03902,0.03995,5677226.0
1736920800000,1736920800000,0.03995,0.03999,0.03693,0.03734,6635182.0
1736942400000,1736942400000,0.03734,0.03916,0.03623,0.03824,17196535.0
1736964000000,1736964000000,0.03824,0.03959,0.03818,0.03932,8948869.0
1736985600000,1736985600000,0.03932,0.03938,0.03813,0.03839,4832511.0
1737007200000,1737007200000,0.03839,0.03891,0.03744,0.03843,10675892.0
1737028800000,1737028800000,0.03843,0.0391,0.03703,0.03882,10920294.0
1737050400000,1737050400000,0.03882,0.03891,0.03691,0.03719,5493694.0
1737072000000,1737072000000,0.03719,0.04121,0.03715,0.04111,12956534.0
1737093600000,1737093600000,0.04111,0.05183,0.04095,0.04984,180269192.0
1737115200000,1737115200000,0.04984,0.06482,0.04784,0.05137,316133662.0
1737136800000,1737136800000,0.05137,0.07365,0.05029,0.0605,326384087.0
1737158400000,1737158400000,0.0605,0.06346,0.056,0.0561,201743383.0
1737180000000,1737180000000,0.0561,0.05867,0.05289,0.053,115019763.0
1737201600000,1737201600000,0.053,0.06033,0.05009,0.05383,122313129.0
1737223200000,1737223200000,0.05383,0.05641,0.05163,0.05182,37531141.0
1737244800000,1737244800000,0.05182,0.05421,0.05025,0.05107,34147677.0
1737266400000,1737266400000,0.05107,0.05206,0.04484,0.04574,46698721.0
1737288000000,1737288000000,0.04574,0.05023,0.04526,0.04725,52341493.0
1737309600000,1737309600000,0.04725,0.04749,0.0419,0.04243,48598191.0
1737331200000,1737331200000,0.04243,0.04252,0.03982,0.04084,34008059.0
1737352800000,1737352800000,0.04084,0.04883,0.04059,0.04594,47433659.0
1737374400000,1737374400000,0.04594,0.04599,0.04064,0.04198,30403710.0
1737396000000,1737396000000,0.04198,0.04305,0.04056,0.04108,14125788.0
1737417600000,1737417600000,0.04108,0.04389,0.03997,0.04036,23026850.0
1737439200000,1737439200000,0.04036,0.0419,0.04017,0.04116,14979221.0
1737460800000,1737460800000,0.04116,0.04652,0.0403,0.0439,35326006.0
1737482400000,1737482400000,0.0439,0.04412,0.04067,0.04129,13491645.0
1737504000000,1737504000000,0.04129,0.04249,0.04071,0.04199,8644145.0
1737525600000,1737525600000,0.04199,0.04307,0.04178,0.04218,9071947.0
1737547200000,1737547200000,0.04218,0.04234,0.0412,0.04195,6784281.0
1737568800000,1737568800000,0.04195,0.04215,0.04024,0.0405,8044284.0
1737590400000,1737590400000,0.0405,0.04075,0.03957,0.0401,7723106.0
1737612000000,1737612000000,0.0401,0.04078,0.03946,0.04011,8310584.0
1737633600000,1737633600000,0.04011,0.04958,0.03941,0.04512,63594202.0
1737655200000,1737655200000,0.04512,0.05698,0.04426,0.05407,93887545.0
1737676800000,1737676800000,0.05407,0.05866,0.04802,0.05078,175002425.0
1737698400000,1737698400000,0.05078,0.05458,0.04917,0.04938,87649092.0
1737720000000,1737720000000,0.04938,0.05374,0.04585,0.04646,104256779.0
1737741600000,1737741600000,0.04646,0.04708,0.0451,0.04601,23360301.0
1737763200000,1737763200000,0.04601,0.04725,0.04406,0.0458,25048369.0
1737784800000,1737784800000,0.0458,0.04822,0.04544,0.04816,19966301.0
1737806400000,1737806400000,0.04816,0.0482,0.04464,0.04517,18201848.0
1737828000000,1737828000000,0.04517,0.04653,0.04484,0.04605,18681137.0
1737849600000,1737849600000,0.04605,0.0491,0.04581,0.0471,25451856.0
1737871200000,1737871200000,0.0471,0.05045,0.04585,0.04942,29718078.0
1737892800000,1737892800000,0.04942,0.04986,0.04553,0.04578,16753688.0
1737914400000,1737914400000,0.04578,0.04593,0.04167,0.04175,28423968.0
1737936000000,1737936000000,0.04175,0.043,0.04072,0.04102,24730790.0
1737957600000,1737957600000,0.04102,0.04126,0.03912,0.04046,20055968.0
1737979200000,1737979200000,0.04046,0.04298,0.04029,0.04152,15970804.0
1738000800000,1738000800000,0.04152,0.04268,0.04085,0.04186,10760522.0
1738022400000,1738022400000,0.04186,0.04298,0.04164,0.04236,11919601.0
1738044000000,1738044000000,0.04236,0.04261,0.04088,0.04155,11215740.0
1738065600000,1738065600000,0.04155,0.04236,0.04042,0.0409,9265923.0
1738087200000,1738087200000,0.0409,0.04105,0.0388,0.03908,8169672.0
1738108800000,1738108800000,0.03908,0.04092,0.03894,0.04082,8085413.0
1738130400000,1738130400000,0.04082,0.04145,0.04059,0.04096,8353550.0
1738152000000,1738152000000,0.04096,0.04119,0.03984,0.04084,9862057.0
1738173600000,1738173600000,0.04084,0.04275,0.03995,0.0408,11687642.0
1738195200000,1738195200000,0.0408,0.04262,0.04021,0.04233,10571691.0
1738216800000,1738216800000,0.04233,0.04251,0.04145,0.04222,6890269.0
1738238400000,1738238400000,0.04222,0.04537,0.0417,0.0421,15970467.0
1738260000000,1738260000000,0.0421,0.04221,0.04071,0.04073,5892736.0
1738281600000,1738281600000,0.04073,0.04098,0.03988,0.04046,9300001.0
1738303200000,1738303200000,0.04046,0.04156,0.04022,0.04149,5067290.0
1738324800000,1738324800000,0.04149,0.04234,0.04096,0.04165,6273334.0
1738346400000,1738346400000,0.04165,0.04208,0.03973,0.03996,6452085.0
1738368000000,1738368000000,0.03996,0.04062,0.03956,0.04001,5253076.0
1738389600000,1738389600000,0.04001,0.04001,0.03875,0.03942,6097185.0
1738411200000,1738411200000,0.03942,0.03977,0.0386,0.0391,5915461.0
1738432800000,1738432800000,0.0391,0.03912,0.03748,0.03808,8547992.0
1738454400000,1738454400000,0.03808,0.03918,0.0369,0.03776,6619568.0
1738476000000,1738476000000,0.03776,0.03867,0.03689,0.03726,4333807.0
1738497600000,1738497600000,0.03726,0.03818,0.03625,0.03651,11828014.0
1738519200000,1738519200000,0.03651,0.03703,0.03407,0.03589,19732246.0
1738540800000,1738540800000,0.03589,0.03593,0.02493,0.03009,36937932.0
1738562400000,1738562400000,0.03009,0.03253,0.02985,0.03094,18322504.0
1738584000000,1738584000000,0.03094,0.03346,0.02919,0.03308,22543202.0
1738605600000,1738605600000,0.03308,0.0351,0.03285,0.03445,6836635.0
1738627200000,1738627200000,0.03445,0.03465,0.03067,0.03114,10857089.0
1738648800000,1738648800000,0.03114,0.03265,0.03107,0.0321,7817560.0
1738670400000,1738670400000,0.0321,0.03311,0.03092,0.03102,8869731.0
1738692000000,1738692000000,0.03102,0.03241,0.03017,0.031,9327125.0
1738713600000,1738713600000,0.031,0.03196,0.03089,0.03185,4068291.0
1738735200000,1738735200000,0.03185,0.03206,0.03097,0.03139,3884720.0
1738756800000,1738756800000,0.03139,0.03232,0.03021,0.03032,8319571.0
1738778400000,1738778400000,0.03032,0.03103,0.02976,0.03011,6095125.0
1738800000000,1738800000000,0.03011,0.0306,0.02978,0.03036,5366997.0
1738821600000,1738821600000,0.03036,0.03082,0.02989,0.03026,3695558.0
1738843200000,1738843200000,0.03026,0.03109,0.02833,0.0286,11120901.0
1738864800000,1738864800000,0.0286,0.0291,0.02761,0.02799,8657337.0
1738886400000,1738886400000,0.02799,0.02915,0.02794,0.02888,6623504.0
1738908000000,1738908000000,0.02888,0.02957,0.02837,0.02948,4983857.0
1738929600000,1738929600000,0.02948,0.03052,0.02903,0.02929,7006822.0
1738951200000,1738951200000,0.02929,0.02982,0.02783,0.02861,4044924.0
1738972800000,1738972800000,0.02861,0.02875,0.02778,0.02783,2017109.0
1738994400000,1738994400000,0.02783,0.02815,0.02751,0.02771,3266718.0
1739016000000,1739016000000,0.02771,0.02801,0.02716,0.02761,5359399.0
1739037600000,1739037600000,0.02761,0.02941,0.02755,0.0289,12551975.0
1739059200000,1739059200000,0.0289,0.02896,0.02742,0.0277,6171685.0
1739080800000,1739080800000,0.0277,0.02824,0.02743,0.0277,4276038.0
1739102400000,1739102400000,0.0277,0.0347,0.02751,0.03263,80067940.0
1739124000000,1739124000000,0.03263,0.03842,0.03238,0.03671,87573455.0
1739145600000,1739145600000,0.03671,0.04425,0.03494,0.04053,214006270.0
1739167200000,1739167200000,0.04053,0.04117,0.0376,0.03844,215712808.0
1739188800000,1739188800000,0.03844,0.039,0.03398,0.03499,162621356.0
1739210400000,1739210400000,0.03499,0.03559,0.03363,0.03459,23962873.0
1739232000000,1739232000000,0.03459,0.03778,0.03451,0.03708,26383879.0
1739253600000,1739253600000,0.03708,0.0375,0.03418,0.03456,29074894.0
1739275200000,1739275200000,0.03456,0.03611,0.03104,0.03342,87769644.0
1739296800000,1739296800000,0.03342,0.0363,0.03217,0.03474,30537249.0
1739318400000,1739318400000,0.03474,0.03484,0.03178,0.03259,23578201.0
1739340000000,1739340000000,0.03259,0.03352,0.03155,0.03199,16905012.0
1739361600000,1739361600000,0.03199,0.03299,0.03132,0.03221,20758110.0
1739383200000,1739383200000,0.03221,0.03288,0.03141,0.03222,8172585.0
1739404800000,1739404800000,0.03222,0.03255,0.03188,0.03255,8318329.0
1739426400000,1739426400000,0.03255,0.03264,0.03006,0.03064,13107711.0
1739448000000,1739448000000,0.03064,0.03115,0.02988,0.03025,9489348.0
1739469600000,1739469600000,0.03025,0.03038,0.02938,0.02945,6079690.0
1739491200000,1739491200000,0.02945,0.03051,0.02922,0.02996,11265989.0
1739512800000,1739512800000,0.02996,0.03009,0.02961,0.02991,7115683.0
1739534400000,1739534400000,0.02991,0.03072,0.02961,0.03066,5773674.0
1739556000000,1739556000000,0.03066,0.03071,0.02909,0.02935,4999103.0
1739577600000,1739577600000,0.02935,0.03003,0.02912,0.0297,2965693.0
1739599200000,1739599200000,0.0297,0.03019,0.02914,0.03004,4698043.0
1739620800000,1739620800000,0.03004,0.03045,0.0296,0.0297,3225049.0
1739642400000,1739642400000,0.0297,0.03017,0.02964,0.02974,1450725.0
1739664000000,1739664000000,0.02974,0.02991,0.02936,0.02977,1753037.0
1739685600000,1739685600000,0.02977,0.03029,0.02964,0.03015,1429873.0
1739707200000,1739707200000,0.03015,0.03387,0.02956,0.03178,19653478.0
1739728800000,1739728800000,0.03178,0.03223,0.02992,0.03012,10669251.0
1739750400000,1739750400000,0.03012,0.03027,0.02862,0.02921,6619718.0
1739772000000,1739772000000,0.02921,0.02971,0.02859,0.02908,4836706.0
1739793600000,1739793600000,0.02908,0.03406,0.02898,0.03276,52381755.0
1739815200000,1739815200000,0.03276,0.03358,0.02983,0.03002,13335799.0
1739836800000,1739836800000,0.03002,0.03234,0.02954,0.03031,19490050.0
1739858400000,1739858400000,0.03031,0.0304,0.0295,0.03007,5214591.0
1739880000000,1739880000000,0.03007,0.03112,0.02837,0.02868,17468076.0
1739901600000,1739901600000,0.02868,0.02961,0.02855,0.02905,9708221.0
1739923200000,1739923200000,0.02905,0.02934,0.02867,0.0292,3093151.0
1739944800000,1739944800000,0.0292,0.02982,0.02892,0.02925,5297272.0
1739966400000,1739966400000,0.02925,0.02989,0.0289,0.02917,5304629.0
1739988000000,1739988000000,0.02917,0.03098,0.02884,0.03053,12864207.0
1740009600000,1740009600000,0.03053,0.03099,0.02993,0.03025,5841225.0
1740031200000,1740031200000,0.03025,0.03096,0.02962,0.03039,4708970.0
1740052800000,1740052800000,0.03039,0.03176,0.02991,0.03073,15941899.0
1740074400000,1740074400000,0.03073,0.03158,0.03044,0.03107,7983764.0
1740096000000,1740096000000,0.03107,0.03134,0.03078,0.03087,1987236.0
1740117600000,1740117600000,0.03087,0.03461,0.03082,0.03334,6349649.0
1740139200000,1740139200000,0.03334,0.04354,0.03206,0.03819,166341753.0
1740160800000,1740160800000,0.03819,0.0489,0.03777,0.03878,143562575.0
1740182400000,1740182400000,0.03878,0.04141,0.03757,0.03949,42473013.0
1740204000000,1740204000000,0.03949,0.03959,0.03419,0.03442,35966819.0
1740225600000,1740225600000,0.03442,0.03759,0.03296,0.03403,37060069.0
1740247200000,1740247200000,0.03403,0.03521,0.0331,0.03418,23310094.0
1740268800000,1740268800000,0.03418,0.03422,0.03308,0.0334,11467072.0
1740290400000,1740290400000,0.0334,0.03571,0.03318,0.03378,17853438.0
1740312000000,1740312000000,0.03378,0.03442,0.03263,0.03323,15299254.0
1740333600000,1740333600000,0.03323,0.03361,0.03247,0.03331,6942855.0
1740355200000,1740355200000,0.03331,0.03336,0.03161,0.03188,6667399.0
1740376800000,1740376800000,0.03188,0.03207,0.03103,0.03156,7165526.0
1740398400000,1740398400000,0.03156,0.03209,0.03033,0.03096,13043731.0
1740420000000,1740420000000,0.03096,0.03194,0.02925,0.02951,21230116.0
1740441600000,1740441600000,0.02951,0.0308,0.02864,0.02876,14420417.0
1740463200000,1740463200000,0.02876,0.03527,0.02787,0.03122,36354785.0
1740484800000,1740484800000,0.03122,0.03249,0.03006,0.03099,19900101.0
1740506400000,1740506400000,0.03099,0.03344,0.0307,0.03162,14411140.0
1740528000000,1740528000000,0.03162,0.03244,0.03139,0.03166,5127184.0
1740549600000,1740549600000,0.03166,0.03241,0.03146,0.03205,14696875.0
1740571200000,1740571200000,0.03205,0.03394,0.03036,0.03072,35416821.0
1740592800000,1740592800000,0.03072,0.0313,0.02996,0.03036,14782622.0
1740614400000,1740614400000,0.03036,0.03144,0.03031,0.03121,6246735.0
1740636000000,1740636000000,0.03121,0.0321,0.03101,0.0319,12631126.0
1740657600000,1740657600000,0.0319,0.03292,0.03081,0.03119,17361782.0
1740679200000,1740679200000,0.03119,0.03156,0.0305,0.03151,11028177.0
1740700800000,1740700800000,0.03151,0.03169,0.02955,0.03029,20562791.0
1740722400000,1740722400000,0.03029,0.0304,0.02892,0.02998,15811401.0
1740744000000,1740744000000,0.02998,0.03085,0.02952,0.03,27783941.0
1740765600000,1740765600000,0.03,0.03123,0.03,0.03064,15250477.0
1740787200000,1740787200000,0.03064,0.0309,0.03025,0.03075,3808165.0
1740808800000,1740808800000,0.03075,0.03112,0.03028,0.03046,6243777.0
1740830400000,1740830400000,0.03046,0.03067,0.02946,0.02947,6232505.0
1740852000000,1740852000000,0.02947,0.03018,0.02947,0.03015,3870605.0
1740873600000,1740873600000,0.03015,0.03065,0.03008,0.03032,3372871.0
1740895200000,1740895200000,0.03032,0.03041,0.03002,0.03015,2885680.0
1740916800000,1740916800000,0.03015,0.0313,0.0295,0.03087,10601316.0
1740938400000,1740938400000,0.03087,0.03154,0.03042,0.03089,6541183.0
1740960000000,1740960000000,0.03089,0.0315,0.0304,0.03094,6801180.0
1740981600000,1740981600000,0.03094,0.03098,0.0298,0.03037,6351047.0
1741003200000,1741003200000,0.03037,0.03164,0.02971,0.02999,10710994.0
1741024800000,1741024800000,0.02999,0.03,0.02769,0.02805,8719628.0
1741046400000,1741046400000,0.02805,0.02819,0.02553,0.02655,24812373.0
1741068000000,1741068000000,0.02655,0.02719,0.02537,0.0261,40228599.0
1741089600000,1741089600000,0.0261,0.0263,0.02468,0.0258,15630269.0
1741111200000,1741111200000,0.0258,0.02701,0.02575,0.02617,31202157.0
1741132800000,1741132800000,0.02617,0.02769,0.02544,0.02558,24482297.0
1741154400000,1741154400000,0.02558,0.02753,0.02552,0.02662,12607101.0
1741176000000,1741176000000,0.02662,0.02708,0.02589,0.02656,31652966.0
1741197600000,1741197600000,0.02656,0.02718,0.0263,0.02695,13160682.0
1741219200000,1741219200000,0.02695,0.02745,0.02675,0.02691,10616122.0
1741240800000,1741240800000,0.02691,0.02703,0.0261,0.02675,15673607.0
1741262400000,1741262400000,0.02675,0.02682,0.02509,0.02523,20450217.0
1741284000000,1741284000000,0.02523,0.02613,0.02495,0.02505,43836452.0
1741305600000,1741305600000,0.02505,0.02529,0.02353,0.02512,56875150.0
1741327200000,1741327200000,0.02512,0.02681,0.02502,0.0257,60061227.0
1741348800000,1741348800000,0.0257,0.02662,0.02462,0.02531,96270068.0
1741370400000,1741370400000,0.02531,0.02622,0.02432,0.02455,80049324.0
1741392000000,1741392000000,0.02455,0.02508,0.02409,0.02444,31685880.0
1741413600000,1741413600000,0.02444,0.02478,0.02372,0.02381,56756247.0
1741435200000,1741435200000,0.02381,0.02432,0.0236,0.0238,21266650.0
1741456800000,1741456800000,0.0238,0.02553,0.02363,0.02401,141953785.0
1741478400000,1741478400000,0.02401,0.02425,0.0236,0.02364,35574598.0
1741500000000,1741500000000,0.02364,0.02364,0.02246,0.02257,20223126.0
1741521600000,1741521600000,0.02257,0.02299,0.02124,0.02135,70659667.0
1741543200000,1741543200000,0.02135,0.02188,0.02056,0.02085,31042618.0
1741564800000,1741564800000,0.02085,0.02146,0.02015,0.02068,24113047.0
1741586400000,1741586400000,0.02068,0.02147,0.02027,0.0212,10913508.0
1741608000000,1741608000000,0.0212,0.02228,0.01953,0.0198,76213001.0
1741629600000,1741629600000,0.0198,0.02029,0.01897,0.01931,85135806.0
1741651200000,1741651200000,0.01931,0.01995,0.01823,0.01982,81458554.0
1741672800000,1741672800000,0.01982,0.02018,0.01952,0.0198,27428531.0
1741694400000,1741694400000,0.0198,0.02045,0.01909,0.0197,56128870.0
1741716000000,1741716000000,0.0197,0.02088,0.01964,0.02037,127438194.0
1741737600000,1741737600000,0.02037,0.02151,0.01997,0.02013,86863436.0
1741759200000,1741759200000,0.02013,0.02325,0.01972,0.02095,91613311.0
1741780800000,1741780800000,0.02095,0.02121,0.02014,0.02083,33417454.0
1741802400000,1741802400000,0.02083,0.02113,0.02074,0.02109,3577866.0
1741824000000,1741824000000,0.02109,0.02302,0.02102,0.02166,32846722.0
1741845600000,1741845600000,0.02166,0.02221,0.02138,0.02185,5138485.0
1741867200000,1741867200000,0.02185,0.02434,0.02088,0.02236,59287524.0
1741888800000,1741888800000,0.02236,0.02266,0.02155,0.02217,8249923.0
1741910400000,1741910400000,0.02217,0.02247,0.02152,0.02218,19401381.0
1741932000000,1741932000000,0.02218,0.02242,0.02165,0.0223,7160834.0
1741953600000,1741953600000,0.0223,0.02286,0.0215,0.02177,19681798.0
1741975200000,1741975200000,0.02177,0.0221,0.02156,0.02159,4983181.0
1741996800000,1741996800000,0.02159,0.02214,0.02153,0.02195,5443704.0
1742018400000,1742018400000,0.02195,0.02202,0.02158,0.02202,3755829.0
1742040000000,1742040000000,0.02202,0.02261,0.02182,0.02195,11434049.0
1742061600000,1742061600000,0.02195,0.02227,0.02178,0.02212,3958749.0
1742083200000,1742083200000,0.02212,0.02416,0.02207,0.02268,43794814.0
1742104800000,1742104800000,0.02268,0.02306,0.02198,0.02209,42492699.0
1742126400000,1742126400000,0.02209,0.02277,0.02195,0.02252,11154018.0
1742148000000,1742148000000,0.02252,0.02254,0.0212,0.02157,110767747.0
1742169600000,1742169600000,0.02157,0.02198,0.02139,0.0219,37574717.0
1742191200000,1742191200000,0.0219,0.02265,0.0216,0.02221,47451365.0
1742212800000,1742212800000,0.02221,0.02252,0.02202,0.02229,5466766.0
1742234400000,1742234400000,0.02229,0.02279,0.02205,0.02267,91833247.0
1742256000000,1742256000000,0.02267,0.02268,0.02147,0.02155,7348611.0
1742277600000,1742277600000,0.02155,0.02161,0.02071,0.02102,22574037.0
1742299200000,1742299200000,0.02102,0.02122,0.02051,0.02065,13713119.0
1742320800000,1742320800000,0.02065,0.02102,0.02063,0.02092,5328897.0
1742342400000,1742342400000,0.02092,0.02115,0.02072,0.02102,8598373.0
1742364000000,1742364000000,0.02102,0.02142,0.02071,0.02131,26801308.0
1742385600000,1742385600000,0.02131,0.02162,0.02074,0.02089,24299949.0
1742407200000,1742407200000,0.02089,0.0225,0.02075,0.02167,38842211.0
1742428800000,1742428800000,0.02167,0.02258,0.02138,0.02227,20075565.0
1742450400000,1742450400000,0.02227,0.02272,0.02169,0.02199,27306746.0
1742472000000,1742472000000,0.02199,0.02303,0.02164,0.02236,26284538.0
1742493600000,1742493600000,0.02236,0.02618,0.02212,0.02532,70590222.0
1742515200000,1742515200000,0.02532,0.02913,0.02295,0.02323,206051772.0
1742536800000,1742536800000,0.02323,0.02398,0.02191,0.02223,75976635.0
1742558400000,1742558400000,0.02223,0.02261,0.02148,0.02174,53769042.0
1742580000000,1742580000000,0.02174,0.02228,0.02127,0.0214,18200971.0
1742601600000,1742601600000,0.0214,0.02152,0.02089,0.02141,10582808.0
1742623200000,1742623200000,0.02141,0.022,0.02133,0.02182,17408814.0
1742644800000,1742644800000,0.02182,0.02182,0.02112,0.02132,4642704.0
1742666400000,1742666400000,0.02132,0.02139,0.02027,0.02033,15194324.0
1742688000000,1742688000000,0.02033,0.021,0.02006,0.02096,12921188.0
1742709600000,1742709600000,0.02096,0.02114,0.0201,0.02075,37584812.0
1742731200000,1742731200000,0.02075,0.02207,0.01956,0.01985,33925366.0
1742752800000,1742752800000,0.01985,0.02089,0.01973,0.02067,45118241.0
1742774400000,1742774400000,0.02067,0.02083,0.02022,0.02077,5077432.0
1742796000000,1742796000000,0.02077,0.02178,0.02066,0.02105,20754359.0
1742817600000,1742817600000,0.02105,0.0214,0.02094,0.02116,3520701.0
1742839200000,1742839200000,0.02116,0.02156,0.02064,0.0215,19756083.0
1742860800000,1742860800000,0.0215,0.02189,0.02035,0.02117,30687178.0
1742882400000,1742882400000,0.02117,0.02132,0.01959,0.02026,29323495.0
1742904000000,1742904000000,0.02026,0.02062,0.02009,0.02024,19274048.0
1742925600000,1742925600000,0.02024,0.02075,0.02016,0.0206,3230686.0
1742947200000,1742947200000,0.0206,0.02085,0.02025,0.02049,5895987.0
1742968800000,1742968800000,0.02049,0.02114,0.0197,0.02041,35937294.0
1742990400000,1742990400000,0.02041,0.02109,0.01997,0.02021,13081196.0
1743012000000,1743012000000,0.02021,0.02043,0.01986,0.02016,22923744.0
1743033600000,1743033600000,0.02016,0.0205,0.02007,0.02031,6575778.0
1743055200000,1743055200000,0.02031,0.02063,0.01994,0.02017,33659248.0
1743076800000,1743076800000,0.02017,0.02074,0.02014,0.02042,16127531.0
1743098400000,1743098400000,0.02042,0.02065,0.02013,0.02023,8982724.0
1743120000000,1743120000000,0.02023,0.0203,0.0192,0.01935,12686633.0
1743141600000,1743141600000,0.01935,0.01981,0.01903,0.01922,32756617.0
1743163200000,1743163200000,0.01922,0.01933,0.01853,0.01874,7956916.0
1743184800000,1743184800000,0.01874,0.01906,0.0187,0.01901,4296124.0
1743206400000,1743206400000,0.01901,0.01903,0.01767,0.018,23016397.0
1743228000000,1743228000000,0.018,0.01816,0.01695,0.01715,25062320.0
1743249600000,1743249600000,0.01715,0.01839,0.01706,0.01785,67322114.0
1743271200000,1743271200000,0.01785,0.01794,0.01701,0.01738,19815747.0
1743292800000,1743292800000,0.01738,0.01759,0.01702,0.01755,7680302.0
1743314400000,1743314400000,0.01755,0.01786,0.01735,0.01739,6279002.0
1743336000000,1743336000000,0.01739,0.01747,0.01701,0.01715,9443544.0
1743357600000,1743357600000,0.01715,0.01776,0.01685,0.01698,12156764.0
1743379200000,1743379200000,0.01698,0.01716,0.01538,0.01612,40711045.0
1743400800000,1743400800000,0.01612,0.01625,0.01548,0.01619,87044343.0
1743422400000,1743422400000,0.01619,0.01649,0.01575,0.01603,57608371.0
1743444000000,1743444000000,0.01603,0.01645,0.01587,0.01603,19875357.0
1743465600000,1743465600000,0.01603,0.01685,0.016,0.01677,8565371.0
1743487200000,1743487200000,0.01677,0.01709,0.01593,0.01594,14124550.0
1743508800000,1743508800000,0.01594,0.0165,0.01583,0.01605,10843127.0
1743530400000,1743530400000,0.01605,0.01607,0.01468,0.01529,16754986.0
1743552000000,1743552000000,0.01529,0.01628,0.01456,0.01463,32050675.0
1743573600000,1743573600000,0.01463,0.01513,0.01462,0.01488,7252335.0
1743595200000,1743595200000,0.01488,0.01568,0.01469,0.01519,25987756.0
1743616800000,1743616800000,0.01519,0.01539,0.01389,0.01389,23696432.0
1743638400000,1743638400000,0.01389,0.01458,0.01384,0.01441,7281380.0
1743660000000,1743660000000,0.01441,0.01443,0.01336,0.01352,16909081.0
1743681600000,1743681600000,0.01352,0.01361,0.01245,0.01269,32476214.0
1743703200000,1743703200000,0.01269,0.01293,0.01239,0.01259,9872240.0
1743724800000,1743724800000,0.01259,0.01264,0.01201,0.01263,14542325.0
1743746400000,1743746400000,0.01263,0.01276,0.01203,0.01235,16603180.0
1743768000000,1743768000000,0.01235,0.01271,0.01219,0.01261,76188457.0
1743789600000,1743789600000,0.01261,0.01378,0.01244,0.01309,15795991.0
1743811200000,1743811200000,0.01309,0.01369,0.01283,0.0136,38705703.0
1743832800000,1743832800000,0.0136,0.01373,0.01316,0.01346,26208916.0
1743854400000,1743854400000,0.01346,0.01346,0.01269,0.01298,14237388.0
1743876000000,1743876000000,0.01298,0.01328,0.01288,0.01311,9132307.0
1743897600000,1743897600000,0.01311,0.01318,0.01273,0.01302,14558415.0
1743919200000,1743919200000,0.01302,0.01307,0.01236,0.01246,25008005.0
1743940800000,1743940800000,0.01246,0.01247,0.01101,0.01115,23216040.0
1743962400000,1743962400000,0.01115,0.01116,0.01034,0.0108,32709434.0
1743984000000,1743984000000,0.0108,0.01106,0.01011,0.01023,29320468.0
1744005600000,1744005600000,0.01023,0.01031,0.00938,0.01002,37735901.0
1744027200000,1744027200000,0.01002,0.01112,0.00984,0.01061,55119657.0
1744048800000,1744048800000,0.01061,0.01068,0.01021,0.0103,13920986.0
1744070400000,1744070400000,0.0103,0.01065,0.01011,0.01048,15942722.0
1744092000000,1744092000000,0.01048,0.01049,0.0099,0.01035,27695293.0
1744113600000,1744113600000,0.01035,0.01171,0.00973,0.00999,58189684.0
1744135200000,1744135200000,0.00999,0.01009,0.00942,0.00955,76506202.0
1744156800000,1744156800000,0.00955,0.00964,0.00901,0.00953,27372825.0
1744178400000,1744178400000,0.00953,0.00986,0.00951,0.00959,10734350.0
1744200000000,1744200000000,0.00959,0.01061,0.00922,0.01055,71942952.0
1744221600000,1744221600000,0.01055,0.01137,0.01043,0.01086,39633364.0
1744243200000,1744243200000,0.01086,0.01086,0.01026,0.01049,9789474.0
1744264800000,1744264800000,0.01049,0.01076,0.01041,0.01046,13319427.0
1744286400000,1744286400000,0.01046,0.01124,0.01012,0.01101,56522239.0
1744308000000,1744308000000,0.01101,0.01288,0.01091,0.01236,154349242.0
1744329600000,1744329600000,0.01236,0.01516,0.01214,0.01325,255890791.0
1744351200000,1744351200000,0.01325,0.01409,0.01297,0.01324,126734531.0
1744372800000,1744372800000,0.01324,0.01805,0.01279,0.01617,401504661.0
1744394400000,1744394400000,0.01617,0.0169,0.01484,0.01648,128408308.0
1744416000000,1744416000000,0.01648,0.01657,0.01486,0.01513,81133968.0
1744437600000,1744437600000,0.01513,0.01631,0.01513,0.01546,70135953.0
1744459200000,1744459200000,0.01546,0.01558,0.01405,0.01433,53734483.0
1744480800000,1744480800000,0.01433,0.01484,0.01376,0.01391,34931401.0
1744502400000,1744502400000,0.01391,0.01415,0.01352,0.01376,21331092.0
1744524000000,1744524000000,0.01376,0.01416,0.01353,0.01379,31025876.0
1744545600000,1744545600000,0.01379,0.01404,0.01288,0.01317,34180239.0
1744567200000,1744567200000,0.01317,0.01338,0.01225,0.01238,22625996.0
1744588800000,1744588800000,0.01238,0.01305,0.01231,0.01284,13931024.0
1744610400000,1744610400000,0.01284,0.01303,0.01261,0.01282,17426259.0
1744632000000,1744632000000,0.01282,0.01293,0.01175,0.0122,19818804.0
1744653600000,1744653600000,0.0122,0.0125,0.01172,0.01203,15010147.0
1744675200000,1744675200000,0.01203,0.01232,0.01162,0.01227,13607085.0
1744696800000,1744696800000,0.01227,0.01227,0.01172,0.01198,18608386.0
1744718400000,1744718400000,0.01198,0.01412,0.01171,0.01335,129795334.0
1744740000000,1744740000000,0.01335,0.01408,0.01299,0.01355,64399561.0
1744761600000,1744761600000,0.01355,0.01574,0.01326,0.01538,110315599.0
1744783200000,1744783200000,0.01538,0.01668,0.01276,0.01327,207352004.0
1744804800000,1744804800000,0.01327,0.01361,0.01199,0.01203,62195679.0
1744826400000,1744826400000,0.01203,0.01251,0.01124,0.01138,37635288.0
1744848000000,1744848000000,0.01138,0.01168,0.0109,0.0116,66429445.0
1744869600000,1744869600000,0.0116,0.01179,0.01104,0.01139,59136679.0
1744891200000,1744891200000,0.01139,0.0118,0.01128,0.01175,26381035.0
1744912800000,1744912800000,0.01175,0.01197,0.01131,0.01132,51872731.0
1744934400000,1744934400000,0.01132,0.01139,0.01104,0.01122,11675214.0
1744956000000,1744956000000,0.01122,0.01138,0.011,0.01112,19624774.0
1744977600000,1744977600000,0.01112,0.01125,0.01096,0.011,11323375.0
1744999200000,1744999200000,0.011,0.01106,0.01057,0.01093,16535519.0
1745020800000,1745020800000,0.01093,0.01121,0.01066,0.01096,21195638.0
1745042400000,1745042400000,0.01096,0.01137,0.01082,0.01135,14928280.0
1745064000000,1745064000000,0.01135,0.01297,0.01124,0.0119,90133685.0
1745085600000,1745085600000,0.0119,0.01229,0.01168,0.01183,17370885.0
1745107200000,1745107200000,0.01183,0.01189,0.01134,0.01154,39472213.0
1745128800000,1745128800000,0.01154,0.0119,0.0112,0.01138,48538921.0
1745150400000,1745150400000,0.01138,0.01145,0.01108,0.01128,17344099.0
1745172000000,1745172000000,0.01128,0.0114,0.01111,0.01134,17222580.0
1745193600000,1745193600000,0.01134,0.01159,0.01108,0.01154,19573763.0
1745215200000,1745215200000,0.01154,0.01186,0.01131,0.01173,24949110.0
1745236800000,1745236800000,0.01173,0.012,0.01117,0.01137,71295097.0
1745258400000,1745258400000,0.01137,0.01172,0.01107,0.01151,42445716.0
1745280000000,1745280000000,0.01151,0.01187,0.0112,0.01141,32234507.0
1745301600000,1745301600000,0.01141,0.01164,0.01114,0.01138,35875100.0
1745323200000,1745323200000,0.01138,0.01246,0.0113,0.01149,90717101.0
1745344800000,1745344800000,0.01149,0.01184,0.0114,0.01175,15788540.0
1745366400000,1745366400000,0.01175,0.01222,0.01152,0.01204,32241920.0
1745388000000,1745388000000,0.01204,0.01217,0.01154,0.01196,41259549.0
1745409600000,1745409600000,0.01196,0.01353,0.0116,0.01208,122876951.0
1745431200000,1745431200000,0.01208,0.01226,0.01181,0.01204,41039798.0
1745452800000,1745452800000,0.01204,0.01205,0.01121,0.01143,39328031.0
1745474400000,1745474400000,0.01143,0.01159,0.01121,0.01136,23202276.0
1745496000000,1745496000000,0.01136,0.01168,0.01131,0.01142,27077096.0
1745517600000,1745517600000,0.01142,0.01173,0.0114,0.01161,11927874.0
1745539200000,1745539200000,0.01161,0.01178,0.01132,0.01156,17670049.0
1745560800000,1745560800000,0.01156,0.01186,0.01144,0.01182,21468827.0
1745582400000,1745582400000,0.01182,0.0125,0.01146,0.01159,37781847.0
1745604000000,1745604000000,0.01159,0.0119,0.01159,0.01162,10337773.0
1745625600000,1745625600000,0.01162,0.0119,0.01162,0.01176,15994202.0
1745647200000,1745647200000,0.01176,0.01208,0.01165,0.01172,35664867.0
1745668800000,1745668800000,0.01172,0.01231,0.01172,0.01194,22561041.0
1745690400000,1745690400000,0.01194,0.01208,0.0118,0.01199,7041232.0
1745712000000,1745712000000,0.01199,0.01199,0.0116,0.01184,15342308.0
1745733600000,1745733600000,0.01184,0.01201,0.01172,0.0119,11865345.0
1745755200000,1745755200000,0.0119,0.01309,0.01157,0.01168,97018389.0
1745776800000,1745776800000,0.01168,0.01184,0.01164,0.01169,14973409.0
1745798400000,1745798400000,0.01169,0.01206,0.01152,0.01172,47519520.0
1745820000000,1745820000000,0.01172,0.01215,0.0117,0.01209,35448553.0
1745841600000,1745841600000,0.01209,0.01249,0.01183,0.01246,46354215.0
1745863200000,1745863200000,0.01246,0.01285,0.0122,0.01255,30757103.0
1745884800000,1745884800000,0.01255,0.01395,0.01248,0.01375,74462294.0
1745906400000,1745906400000,0.01375,0.01521,0.01253,0.01281,264550672.0
1745928000000,1745928000000,0.01281,0.01309,0.01229,0.01236,45325516.0
1745949600000,1745949600000,0.01236,0.01255,0.01172,0.0121,24876106.0
1745971200000,1745971200000,0.0121,0.01266,0.01205,0.0124,19424352.0
1745992800000,1745992800000,0.0124,0.01257,0.01218,0.0124,16161868.0
1746014400000,1746014400000,0.0124,0.01246,0.01176,0.01219,29997043.0
1746036000000,1746036000000,0.01219,0.01234,0.01214,0.01217,9006624.0
1746057600000,1746057600000,0.01217,0.01231,0.01207,0.01225,15698195.0
1746079200000,1746079200000,0.01225,0.0126,0.0122,0.01249,11210993.0
1746100800000,1746100800000,0.01249,0.01262,0.01234,0.01239,11914511.0
1746122400000,1746122400000,0.01239,0.01249,0.012,0.01223,11135401.0
1746144000000,1746144000000,0.01223,0.0126,0.01207,0.01235,28055361.0
1746165600000,1746165600000,0.01235,0.01235,0.01198,0.012,23843892.0
1746187200000,1746187200000,0.012,0.01233,0.01182,0.0119,20910657.0
1746208800000,1746208800000,0.0119,0.01235,0.01184,0.0119,69823292.0
1746230400000,1746230400000,0.0119,0.0122,0.01185,0.012,99292055.0
1746252000000,1746252000000,0.012,0.01201,0.0118,0.01195,14779399.0
1746273600000,1746273600000,0.01195,0.01209,0.01131,0.01148,17341159.0
1746295200000,1746295200000,0.01148,0.01166,0.01143,0.0115,8117345.0
1746316800000,1746316800000,0.0115,0.0115,0.01121,0.01133,8574726.0
1746338400000,1746338400000,0.01133,0.01149,0.01131,0.01139,5585267.0
1746360000000,1746360000000,0.01139,0.01154,0.01118,0.01131,18468078.0
1746381600000,1746381600000,0.01131,0.01142,0.011,0.011,10214402.0
1746403200000,1746403200000,0.011,0.01118,0.01059,0.01087,38394328.0
1746424800000,1746424800000,0.01087,0.01097,0.01064,0.01078,13681092.0
1746446400000,1746446400000,0.01078,0.01117,0.0107,0.01103,12978456.0
1746468000000,1746468000000,0.01103,0.01106,0.01072,0.01085,5925185.0
1746489600000,1746489600000,0.01085,0.01092,0.01061,0.01068,14742949.0
1746511200000,1746511200000,0.01068,0.01073,0.01041,0.01048,10472960.0
1746532800000,1746532800000,0.01048,0.01098,0.01016,0.01062,43580214.0
1746554400000,1746554400000,0.01062,0.01091,0.01023,0.01081,14495789.0
1746576000000,1746576000000,0.01081,0.01082,0.01051,0.01054,6998570.0
1746597600000,1746597600000,0.01054,0.01112,0.01052,0.01069,41602769.0
1746619200000,1746619200000,0.01069,0.01128,0.01049,0.01059,20423105.0
1746640800000,1746640800000,0.01059,0.01107,0.01055,0.01095,35590720.0
1746662400000,1746662400000,0.01095,0.01105,0.0105,0.0109,24104165.0
1746684000000,1746684000000,0.0109,0.01126,0.01088,0.01103,34969132.0
1746705600000,1746705600000,0.01103,0.01151,0.01095,0.01139,32114257.0
1746727200000,1746727200000,0.01139,0.01157,0.01135,0.01156,6894123.0
1746748800000,1746748800000,0.01156,0.01189,0.01151,0.01178,54644469.0
1746770400000,1746770400000,0.01178,0.01231,0.01173,0.01193,39098612.0
1746792000000,1746792000000,0.01193,0.0137,0.01174,0.0136,53838036.0
1746813600000,1746813600000,0.0136,0.01455,0.01244,0.01299,55346378.0
1746835200000,1746835200000,0.01299,0.01312,0.0124,0.01273,23427127.0
1746856800000,1746856800000,0.01273,0.01304,0.01255,0.01275,22279256.0
1746878400000,1746878400000,0.01275,0.01365,0.01268,0.01308,44788801.0
1746900000000,1746900000000,0.01308,0.01383,0.01307,0.01368,15458614.0
1746921600000,1746921600000,0.01368,0.01383,0.01327,0.01365,11941042.0
1746943200000,1746943200000,0.01365,0.01371,0.01286,0.01322,24959481.0
1746964800000,1746964800000,0.01322,0.01347,0.01274,0.01295,30985360.0
1746986400000,1746986400000,0.01295,0.01315,0.01246,0.0128,18731145.0
1747008000000,1747008000000,0.0128,0.01301,0.01253,0.01286,16365114.0
1747029600000,1747029600000,0.01286,0.01372,0.01274,0.01309,30270775.0
1747051200000,1747051200000,0.01309,0.01339,0.0129,0.01302,25969980.0
1747072800000,1747072800000,0.01302,0.01324,0.01262,0.01314,22933651.0
1747094400000,1747094400000,0.01314,0.01318,0.01223,0.01257,30256600.0
1747116000000,1747116000000,0.01257,0.01288,0.01246,0.01278,10303764.0
1747137600000,1747137600000,0.01278,0.01337,0.01258,0.01315,24310784.0
1747159200000,1747159200000,0.01315,0.01356,0.01301,0.01336,10240007.0
1747180800000,1747180800000,0.01336,0.01351,0.01292,0.01335,19097911.0
1747202400000,1747202400000,0.01335,0.01355,0.01276,0.01334,21695195.0
1747224000000,1747224000000,0.01334,0.01345,0.01298,0.01331,19265120.0
1747245600000,1747245600000,0.01331,0.01652,0.01323,0.0153,234661250.0
1747267200000,1747267200000,0.0153,0.01534,0.01391,0.01449,133693759.0
1747288800000,1747288800000,0.01449,0.01456,0.01302,0.01382,79629634.0
1747310400000,1747310400000,0.01382,0.01382,0.01269,0.01295,72605588.0
1747332000000,1747332000000,0.01295,0.01311,0.01243,0.0128,32957591.0
1747353600000,1747353600000,0.0128,0.01326,0.01271,0.01316,19041970.0
1747375200000,1747375200000,0.01316,0.01345,0.01276,0.01337,14281102.0
1747396800000,1747396800000,0.01337,0.01341,0.01278,0.01279,21988644.0
1747418400000,1747418400000,0.01279,0.01287,0.01245,0.01267,13316269.0
1747440000000,1747440000000,0.01267,0.01289,0.01218,0.01273,20188237.0
1747461600000,1747461600000,0.01273,0.01291,0.01255,0.01261,8434594.0
1747483200000,1747483200000,0.01261,0.01491,0.01258,0.014,121070024.0
1747504800000,1747504800000,0.014,0.01461,0.0135,0.01363,78022631.0
1747526400000,1747526400000,0.01363,0.01371,0.01289,0.01336,27409680.0
1747548000000,1747548000000,0.01336,0.01373,0.0132,0.01356,16455490.0
1747569600000,1747569600000,0.01356,0.01386,0.01314,0.01317,21136421.0
1747591200000,1747591200000,0.01317,0.01337,0.01262,0.01301,42684103.0
1747612800000,1747612800000,0.01301,0.01323,0.01247,0.01259,18424796.0
1747634400000,1747634400000,0.01259,0.0128,0.01255,0.01268,10467340.0
1747656000000,1747656000000,0.01268,0.01322,0.01251,0.0131,25161681.0
1747677600000,1747677600000,0.0131,0.01325,0.01294,0.0131,10918549.0
1747699200000,1747699200000,0.0131,0.01322,0.01297,0.01306,13219486.0
1747720800000,1747720800000,0.01306,0.0131,0.01274,0.01288,14132172.0
1747742400000,1747742400000,0.01288,0.01292,0.0127,0.01279,9567661.0
1747764000000,1747764000000,0.01279,0.01307,0.01259,0.01291,8193070.0
1747785600000,1747785600000,0.01291,0.01321,0.01285,0.01318,9364406.0
1747807200000,1747807200000,0.01318,0.01318,0.01267,0.01292,11807329.0
1747828800000,1747828800000,0.01292,0.0133,0.0127,0.01276,21760948.0
1747850400000,1747850400000,0.01276,0.01326,0.01275,0.01309,10283213.0
1747872000000,1747872000000,0.01309,0.01355,0.01305,0.01351,9473028.0
1747893600000,1747893600000,0.01351,0.01386,0.01342,0.01365,12904574.0
1747915200000,1747915200000,0.01365,0.0137,0.01315,0.01331,24866967.0
1747936800000,1747936800000,0.01331,0.01347,0.01296,0.0133,49253587.0
1747958400000,1747958400000,0.0133,0.01375,0.01318,0.01343,11778052.0
1747980000000,1747980000000,0.01343,0.01344,0.0126,0.01275,29510570.0
1748001600000,1748001600000,0.01275,0.01301,0.01255,0.01296,26368730.0
1748023200000,1748023200000,0.01296,0.01304,0.01206,0.01221,21686970.0
1748044800000,1748044800000,0.01221,0.01241,0.01193,0.01237,25420516.0
1748066400000,1748066400000,0.01237,0.01254,0.01228,0.01247,10251329.0
1748088000000,1748088000000,0.01247,0.01306,0.01219,0.01241,43334225.0
1748109600000,1748109600000,0.01241,0.01241,0.01192,0.01209,10944027.0
1748131200000,1748131200000,0.01209,0.01226,0.01195,0.01219,8386409.0
1748152800000,1748152800000,0.01219,0.01226,0.01176,0.01202,9609736.0
1748174400000,1748174400000,0.01202,0.01232,0.01141,0.01161,17305032.0
1748196000000,1748196000000,0.01161,0.01206,0.01153,0.012,12248720.0
1748217600000,1748217600000,0.012,0.01218,0.01157,0.01181,49443406.0
1748239200000,1748239200000,0.01181,0.01212,0.01171,0.01198,24611392.0
1748260800000,1748260800000,0.01198,0.01211,0.0116,0.01164,26018959.0
1748282400000,1748282400000,0.01164,0.0119,0.01163,0.01178,20650747.0
1748304000000,1748304000000,0.01178,0.01192,0.01151,0.01184,14151599.0
1748325600000,1748325600000,0.01184,0.01217,0.01184,0.012,9917866.0
1748347200000,1748347200000,0.012,0.0121,0.01181,0.01202,10480972.0
1748368800000,1748368800000,0.01202,0.01209,0.01179,0.0118,4732678.0
1748390400000,1748390400000,0.0118,0.01193,0.01164,0.01173,7274117.0
1748412000000,1748412000000,0.01173,0.01185,0.01155,0.01175,11243360.0
1748433600000,1748433600000,0.01175,0.0118,0.01137,0.01147,14384865.0
1748455200000,1748455200000,0.01147,0.01158,0.01122,0.01154,8449681.0
1748476800000,1748476800000,0.01154,0.0119,0.01142,0.01174,13494479.0
1748498400000,1748498400000,0.01174,0.01191,0.01153,0.01176,8198621.0
1748520000000,1748520000000,0.01176,0.01212,0.01144,0.01156,24674885.0
1748541600000,1748541600000,0.01156,0.01164,0.01135,0.01142,5086345.0
1748563200000,1748563200000,0.01142,0.01151,0.01088,0.0112,21186774.0
1748584800000,1748584800000,0.0112,0.01123,0.01086,0.01104,10883917.0
1748606400000,1748606400000,0.01104,0.01136,0.01073,0.01094,24930987.0
1748628000000,1748628000000,0.01094,0.012,0.01092,0.01124,40820606.0
1748649600000,1748649600000,0.01124,0.01154,0.01093,0.01108,43287717.0
1748671200000,1748671200000,0.01108,0.01112,0.01025,0.01028,18232436.0
1748692800000,1748692800000,0.01028,0.012,0.01025,0.01149,99401324.0
1748714400000,1748714400000,0.01149,0.01162,0.01072,0.01089,33286971.0
1748736000000,1748736000000,0.01089,0.01134,0.01071,0.01122,17233348.0
1748757600000,1748757600000,0.01122,0.01124,0.01083,0.0111,14285883.0
1748779200000,1748779200000,0.0111,0.01141,0.01098,0.01117,16489967.0
1748800800000,1748800800000,0.01117,0.01127,0.01089,0.01111,16062944.0
1748822400000,1748822400000,0.01111,0.01114,0.01073,0.01084,7146611.0
1748844000000,1748844000000,0.01084,0.011,0.01047,0.01073,14096234.0
1748865600000,1748865600000,0.01073,0.01124,0.01064,0.01072,43455831.0
1748887200000,1748887200000,0.01072,0.01108,0.0106,0.01093,13615088.0
1748908800000,1748908800000,0.01093,0.01114,0.01087,0.01104,7687473.0
1748930400000,1748930400000,0.01104,0.01111,0.01089,0.01096,2873373.0
1748952000000,1748952000000,0.01096,0.01121,0.01092,0.01111,10221091.0
1748973600000,1748973600000,0.01111,0.01117,0.01075,0.01077,5157270.0
1748995200000,1748995200000,0.01077,0.01097,0.01071,0.01094,6306873.0
1749016800000,1749016800000,0.01094,0.01115,0.01055,0.01074,32449600.0
1749038400000,1749038400000,0.01074,0.0108,0.01057,0.0107,8491677.0
1749060000000,1749060000000,0.0107,0.01083,0.01058,0.01068,4916689.0
1749081600000,1749081600000,0.01068,0.01069,0.01036,0.0105,6922196.0
1749103200000,1749103200000,0.0105,0.01059,0.01044,0.01053,2567054.0
1749124800000,1749124800000,0.01053,0.01062,0.01037,0.01039,3681126.0
1749146400000,1749146400000,0.01039,0.01042,0.00965,0.00996,19025882.0
1749168000000,1749168000000,0.00996,0.01015,0.00982,0.01,5714718.0
1749189600000,1749189600000,0.01,0.01008,0.00989,0.00998,3086700.0
1749211200000,1749211200000,0.00998,0.01023,0.00995,0.01003,6715294.0
1749232800000,1749232800000,0.01003,0.01003,0.00984,0.0099,3421137.0
1749254400000,1749254400000,0.0099,0.01004,0.00988,0.01002,2934942.0
1749276000000,1749276000000,0.01002,0.01005,0.00995,0.00998,4899367.0
1749297600000,1749297600000,0.00998,0.01013,0.00997,0.01,3799773.0
1749319200000,1749319200000,0.01,0.01008,0.00999,0.01005,2404394.0
1749340800000,1749340800000,0.01005,0.01009,0.01003,0.01005,1603480.0
1749362400000,1749362400000,0.01005,0.01018,0.00996,0.01015,5245845.0
1749384000000,1749384000000,0.01015,0.01036,0.01008,0.0103,3401620.0
1749405600000,1749405600000,0.0103,0.01053,0.01022,0.01025,6718119.0
1749427200000,1749427200000,0.01025,0.01037,0.00998,0.01007,9413768.0
1749448800000,1749448800000,0.01007,0.01041,0.01004,0.01037,6179713.0
1749470400000,1749470400000,0.01037,0.01056,0.01029,0.01046,4159820.0
1749492000000,1749492000000,0.01046,0.01071,0.01042,0.01066,6460651.0
1749513600000,1749513600000,0.01066,0.01096,0.01051,0.01062,8607537.0
1749535200000,1749535200000,0.01062,0.01082,0.01049,0.01079,6694654.0
1749556800000,1749556800000,0.01079,0.01105,0.01058,0.0108,11842604.0
1749578400000,1749578400000,0.0108,0.01096,0.01065,0.01081,4336207.0
1749600000000,1749600000000,0.01081,0.01091,0.01061,0.01081,6184544.0
1749621600000,1749621600000,0.01081,0.01085,0.01045,0.01055,5065026.0
1749643200000,1749643200000,0.01055,0.01087,0.01051,0.01073,7672080.0
1749664800000,1749664800000,0.01073,0.01074,0.0105,0.01058,12623538.0
1749686400000,1749686400000,0.01058,0.01068,0.01011,0.01022,19467842.0
1749708000000,1749708000000,0.01022,0.01033,0.01,0.01018,8289735.0
1749729600000,1749729600000,0.01018,0.01115,0.01015,0.01098,38355380.0
1749751200000,1749751200000,0.01098,0.01139,0.01076,0.01131,111326386.0
1749772800000,1749772800000,0.01131,0.01135,0.00996,0.01006,85591903.0
1749794400000,1749794400000,0.01006,0.01018,0.00949,0.00997,35816810.0
1749816000000,1749816000000,0.00997,0.01031,0.00996,0.01005,19953116.0
1749837600000,1749837600000,0.01005,0.0102,0.00996,0.01009,8312318.0
1749859200000,1749859200000,0.01009,0.01018,0.00997,0.01003,9829241.0
1749880800000,1749880800000,0.01003,0.01041,0.01,0.01038,8352324.0
1749902400000,1749902400000,0.01038,0.01085,0.01038,0.01081,26899932.0
1749924000000,1749924000000,0.01081,0.01118,0.01064,0.01107,54094155.0
1749945600000,1749945600000,0.01107,0.01124,0.01082,0.01093,48230650.0
1749967200000,1749967200000,0.01093,0.011,0.00946,0.00991,439504034.0
1749988800000,1749988800000,0.00991,0.01034,0.00987,0.01002,91614942.0
1750010400000,1750010400000,0.01002,0.0101,0.00976,0.01005,40515706.0
1750032000000,1750032000000,0.01005,0.01017,0.00986,0.0099,27040039.0
1750053600000,1750053600000,0.0099,0.01036,0.00911,0.00995,214763172.0
1750075200000,1750075200000,0.00995,0.00999,0.00949,0.00953,49531872.0
1750096800000,1750096800000,0.00953,0.00968,0.00942,0.00945,30765806.0
1750118400000,1750118400000,0.00945,0.00961,0.00932,0.00951,17726792.0
1750140000000,1750140000000,0.00951,0.00966,0.00943,0.00948,26628792.0
1750161600000,1750161600000,0.00948,0.00957,0.00932,0.00937,24391490.0
1750183200000,1750183200000,0.00937,0.00947,0.00934,0.00939,9939842.0
1750204800000,1750204800000,0.00939,0.00945,0.00932,0.00944,8922030.0
1750226400000,1750226400000,0.00944,0.01172,0.00934,0.00988,387755790.0
1750248000000,1750248000000,0.00988,0.01009,0.00856,0.00931,1662528340.0
1750269600000,1750269600000,0.00931,0.0096,0.00925,0.00942,289694821.0
1750291200000,1750291200000,0.00942,0.00945,0.00913,0.00936,168575569.0
1750312800000,1750312800000,0.00936,0.00946,0.00919,0.00938,78967149.0
1750334400000,1750334400000,0.00938,0.00938,0.00903,0.00916,87671620.0
1750356000000,1750356000000,0.00916,0.00926,0.00875,0.0092,111909283.0
1750377600000,1750377600000,0.0092,0.0092,0.00891,0.00904,201021371.0
1750399200000,1750399200000,0.00904,0.00936,0.00904,0.00926,122148968.0
1750420800000,1750420800000,0.00926,0.00942,0.00901,0.00925,114139113.0
1750442400000,1750442400000,0.00925,0.00925,0.00879,0.00886,67109131.0
1750464000000,1750464000000,0.00886,0.00908,0.00873,0.0089,56370864.0
1750485600000,1750485600000,0.0089,0.00907,0.00886,0.00891,48856279.0
1750507200000,1750507200000,0.00891,0.00909,0.00879,0.00907,60461822.0
1750528800000,1750528800000,0.00907,0.00936,0.00899,0.00907,61686797.0
1750550400000,1750550400000,0.00907,0.00916,0.00872,0.00892,72304765.0
1750572000000,1750572000000,0.00892,0.00905,0.00884,0.00895,26611809.0
1750593600000,1750593600000,0.00895,0.00916,0.00829,0.00835,92347062.0
1750615200000,1750615200000,0.00835,0.00847,0.00812,0.00833,58819581.0
1750636800000,1750636800000,0.00833,0.00835,0.00808,0.00823,56966869.0
1750658400000,1750658400000,0.00823,0.00853,0.00822,0.00848,40713909.0
1750680000000,1750680000000,0.00848,0.00862,0.00817,0.00857,70529522.0
1750701600000,1750701600000,0.00857,0.00891,0.00854,0.00882,36182271.0
1750723200000,1750723200000,0.00882,0.009,0.00866,0.00897,23803257.0
1750744800000,1750744800000,0.00897,0.00912,0.00884,0.00891,29230197.0
1750766400000,1750766400000,0.00891,0.00895,0.00871,0.00873,48967971.0
1750788000000,1750788000000,0.00873,0.00875,0.00858,0.00862,17653512.0
1750809600000,1750809600000,0.00862,0.00878,0.00861,0.00868,29005291.0
1750831200000,1750831200000,0.00868,0.00873,0.00854,0.00867,13037548.0
1750852800000,1750852800000,0.00867,0.00873,0.00847,0.00855,22379456.0
1750874400000,1750874400000,0.00855,0.00859,0.00848,0.00849,12358170.0
1750896000000,1750896000000,0.00849,0.00876,0.00841,0.00872,24167673.0
1750917600000,1750917600000,0.00872,0.00889,0.00861,0.00865,25980566.0
1750939200000,1750939200000,0.00865,0.00865,0.00853,0.00859,29763119.0
1750960800000,1750960800000,0.00859,0.00872,0.0085,0.00867,16573199.0
1750982400000,1750982400000,0.00867,0.00874,0.0086,0.00866,26074739.0
1751004000000,1751004000000,0.00866,0.00874,0.00865,0.00872,24057296.0
1751025600000,1751025600000,0.00872,0.00876,0.00862,0.00862,22985940.0
1751047200000,1751047200000,0.00862,0.00879,0.00854,0.00876,20260495.0
1751068800000,1751068800000,0.00876,0.00945,0.00872,0.00942,116393293.0
1751090400000,1751090400000,0.00942,0.00972,0.00891,0.00895,432991011.0
1751112000000,1751112000000,0.00895,0.00914,0.0089,0.00901,93408223.0
1751133600000,1751133600000,0.00901,0.00933,0.00891,0.00922,48556406.0
1751155200000,1751155200000,0.00922,0.00975,0.0091,0.00965,107017693.0
1751176800000,1751176800000,0.00965,0.00967,0.0089,0.00902,170113068.0
1751198400000,1751198400000,0.00902,0.00923,0.00899,0.00907,55253467.0
1751220000000,1751220000000,0.00907,0.00929,0.00895,0.00924,37188337.0
1751241600000,1751241600000,0.00924,0.00928,0.00888,0.0089,60088740.0
1751263200000,1751263200000,0.0089,0.00901,0.00888,0.00896,27699435.0
1751284800000,1751284800000,0.00896,0.00896,0.0087,0.00879,40732521.0
1751306400000,1751306400000,0.00879,0.00892,0.00873,0.00885,17832334.0
1751328000000,1751328000000,0.00885,0.00888,0.0086,0.00868,13123246.0
1751349600000,1751349600000,0.00868,0.00882,0.00864,0.0087,16124983.0
1751371200000,1751371200000,0.0087,0.00881,0.00864,0.00874,35215758.0
1751392800000,1751392800000,0.00874,0.00874,0.00855,0.00857,20172563.0
1751414400000,1751414400000,0.00857,0.00869,0.0084,0.00864,25156697.0
1751436000000,1751436000000,0.00864,0.00873,0.00864,0.00865,12965230.0
1751457600000,1751457600000,0.00865,0.00894,0.00865,0.00886,19702972.0
1751479200000,1751479200000,0.00886,0.00891,0.00877,0.00879,10137635.0
1751500800000,1751500800000,0.00879,0.00896,0.00867,0.00893,15883681.0
1751522400000,1751522400000,0.00893,0.00902,0.00886,0.0089,20559974.0
1751544000000,1751544000000,0.0089,0.00895,0.00875,0.00882,14966610.0
1751565600000,1751565600000,0.00882,0.00897,0.0088,0.00897,6111548.0
1751587200000,1751587200000,0.00897,0.00903,0.00883,0.0089,14421221.0
1751608800000,1751608800000,0.0089,0.00891,0.00877,0.00885,8664792.0
1751630400000,1751630400000,0.00885,0.00913,0.00881,0.00909,74039187.0
1751652000000,1751652000000,0.00909,0.00921,0.00892,0.00892,35203263.0
1751673600000,1751673600000,0.00892,0.00904,0.00875,0.00878,26180678.0
1751695200000,1751695200000,0.00878,0.00884,0.00868,0.00879,19936704.0
1751716800000,1751716800000,0.00879,0.00889,0.00871,0.00877,16803636.0
1751738400000,1751738400000,0.00877,0.00879,0.00866,0.00868,13622693.0
1751760000000,1751760000000,0.00868,0.00871,0.00859,0.00863,13519463.0
1751781600000,1751781600000,0.00863,0.00873,0.00859,0.00872,32734208.0
1751803200000,1751803200000,0.00872,0.00881,0.00867,0.0087,12586053.0
1751824800000,1751824800000,0.0087,0.00878,0.00862,0.00864,9549152.0
1751846400000,1751846400000,0.00864,0.00875,0.00855,0.0086,14452732.0
1751868000000,1751868000000,0.0086,0.0086,0.00815,0.00839,94045450.0
1751889600000,1751889600000,0.00839,0.00843,0.00825,0.00826,16268647.0
1751911200000,1751911200000,0.00826,0.00828,0.00786,0.00802,28085718.0
1751932800000,1751932800000,0.00802,0.00811,0.00798,0.0081,17496018.0
1751954400000,1751954400000,0.0081,0.00821,0.00807,0.00815,11646179.0
1751976000000,1751976000000,0.00815,0.00824,0.0081,0.0082,8888784.0
1751997600000,1751997600000,0.0082,0.00822,0.00811,0.00814,9040600.0
1752019200000,1752019200000,0.00814,0.00815,0.00806,0.00807,13086818.0
1752040800000,1752040800000,0.00807,0.00822,0.00801,0.0082,16717840.0
1752062400000,1752062400000,0.0082,0.00822,0.00806,0.00807,11650209.0
1752084000000,1752084000000,0.00807,0.00822,0.00807,0.00819,8054513.0
1752105600000,1752105600000,0.00819,0.00841,0.00809,0.00837,16768791.0
1752127200000,1752127200000,0.00837,0.00838,0.00811,0.00819,14749801.0
1752148800000,1752148800000,0.00819,0.00823,0.00803,0.00823,12896213.0
1752170400000,1752170400000,0.00823,0.00863,0.0082,0.00856,22924156.0
1752192000000,1752192000000,0.00856,0.00889,0.00839,0.00879,22837694.0
1752213600000,1752213600000,0.00879,0.0089,0.00856,0.00881,24925762.0
1752235200000,1752235200000,0.00881,0.00914,0.0087,0.00913,22607628.0
1752256800000,1752256800000,0.00913,0.00922,0.0085,0.00858,22721553.0
1752278400000,1752278400000,0.00858,0.00876,0.00832,0.0085,21255999.0
1752300000000,1752300000000,0.0085,0.00865,0.00838,0.00842,11164278.0
1752321600000,1752321600000,0.00842,0.00847,0.00823,0.00843,21273235.0
1752343200000,1752343200000,0.00843,0.00847,0.00837,0.00847,3840292.0
1752364800000,1752364800000,0.00847,0.00871,0.00845,0.00858,11016885.0
1752386400000,1752386400000,0.00858,0.00885,0.00854,0.00885,8147100.0
1752408000000,1752408000000,0.00885,0.00885,0.00861,0.00863,12736660.0
1752429600000,1752429600000,0.00863,0.00871,0.00849,0.00855,14675556.0
1752451200000,1752451200000,0.00855,0.00879,0.00851,0.00867,11837922.0
1752472800000,1752472800000,0.00867,0.00878,0.0086,0.00868,11008309.0
1752494400000,1752494400000,0.00868,0.00872,0.00844,0.00854,12673570.0
1752516000000,1752516000000,0.00854,0.00854,0.00839,0.00842,3930701.0
1752537600000,1752537600000,0.00842,0.00851,0.00826,0.00842,13832022.0
1752559200000,1752559200000,0.00842,0.00844,0.00825,0.00836,9887168.0
1752580800000,1752580800000,0.00836,0.00849,0.00823,0.00846,13953831.0
1752602400000,1752602400000,0.00846,0.00855,0.00837,0.00851,6289554.0
1752624000000,1752624000000,0.00851,0.00859,0.00844,0.00854,9367061.0
1752645600000,1752645600000,0.00854,0.00857,0.00848,0.00848,14491265.0
1752667200000,1752667200000,0.00848,0.00867,0.00845,0.00866,8360170.0
1752688800000,1752688800000,0.00866,0.00874,0.0086,0.00863,6292054.0
1752710400000,1752710400000,0.00863,0.0087,0.00842,0.00859,13079839.0
1752732000000,1752732000000,0.00859,0.0087,0.00855,0.00864,10313818.0
1752753600000,1752753600000,0.00864,0.00881,0.0086,0.00872,14705571.0
1752775200000,1752775200000,0.00872,0.00874,0.00853,0.00863,6526735.0
1752796800000,1752796800000,0.00863,0.00883,0.00859,0.00883,12720739.0
1752818400000,1752818400000,0.00883,0.00982,0.00864,0.00926,130956846.0
1752840000000,1752840000000,0.00926,0.00947,0.00886,0.00907,104688377.0
1752861600000,1752861600000,0.00907,0.00914,0.0085,0.00878,86421154.0
1752883200000,1752883200000,0.00878,0.00886,0.00859,0.00883,19081070.0
1752904800000,1752904800000,0.00883,0.00888,0.00866,0.00872,20885033.0
1752926400000,1752926400000,0.00872,0.00887,0.0087,0.00871,16183769.0
1752948000000,1752948000000,0.00871,0.00885,0.0087,0.0088,7086976.0
1752969600000,1752969600000,0.0088,0.00903,0.00875,0.00888,14957638.0
1752991200000,1752991200000,0.00888,0.0091,0.00882,0.00907,13211459.0
1753012800000,1753012800000,0.00907,0.00929,0.00902,0.0092,14729377.0
1753034400000,1753034400000,0.0092,0.00928,0.00896,0.00898,23510225.0
1753056000000,1753056000000,0.00898,0.00918,0.00881,0.00914,11778366.0
1753077600000,1753077600000,0.00914,0.00929,0.00908,0.00917,11766512.0
1753099200000,1753099200000,0.00917,0.00938,0.0091,0.00926,22642009.0
1753120800000,1753120800000,0.00926,0.00929,0.00905,0.00917,8529770.0
1753142400000,1753142400000,0.00917,0.0092,0.0089,0.00896,17322900.0
1753164000000,1753164000000,0.00896,0.00913,0.00895,0.00912,7005434.0
1753185600000,1753185600000,0.00912,0.00916,0.00902,0.00906,6805933.0
1753207200000,1753207200000,0.00906,0.00927,0.00899,0.00925,6285953.0
1753228800000,1753228800000,0.00925,0.00955,0.00913,0.0095,14677832.0
1753250400000,1753250400000,0.0095,0.00961,0.00938,0.00941,32025639.0
1753272000000,1753272000000,0.00941,0.00971,0.00908,0.00952,97361178.0
1753293600000,1753293600000,0.00952,0.01069,0.00937,0.00965,268538149.0
1753315200000,1753315200000,0.00965,0.01055,0.00917,0.00924,239763643.0
1753336800000,1753336800000,0.00924,0.00937,0.00872,0.00907,135782211.0
1753358400000,1753358400000,0.00907,0.00909,0.00823,0.00859,76418051.0
1753380000000,1753380000000,0.00859,0.00873,0.00836,0.00838,29190955.0
1753401600000,1753401600000,0.00838,0.00854,0.00825,0.00829,34395408.0
1753423200000,1753423200000,0.00829,0.00849,0.00817,0.00838,30336901.0
1753444800000,1753444800000,0.00838,0.00846,0.0082,0.00842,20410702.0
1753466400000,1753466400000,0.00842,0.00873,0.00835,0.00869,15413773.0
1753488000000,1753488000000,0.00869,0.00875,0.00843,0.00873,23055516.0
1753509600000,1753509600000,0.00873,0.00876,0.00855,0.00871,13940155.0
1753531200000,1753531200000,0.00871,0.0088,0.00855,0.00866,10360736.0
1753552800000,1753552800000,0.00866,0.00873,0.00854,0.00857,8344860.0
1753574400000,1753574400000,0.00857,0.00889,0.00856,0.00872,12459010.0
1753596000000,1753596000000,0.00872,0.0088,0.00864,0.00869,16176754.0
1753617600000,1753617600000,0.00869,0.00907,0.00867,0.009,19385167.0
1753639200000,1753639200000,0.009,0.00918,0.00886,0.00898,16998113.0
1753660800000,1753660800000,0.00898,0.00923,0.0088,0.00918,23900788.0
1753682400000,1753682400000,0.00918,0.00921,0.00899,0.00917,14114740.0
1753704000000,1753704000000,0.00917,0.00938,0.00892,0.00936,24064993.0
1753725600000,1753725600000,0.00936,0.00939,0.00853,0.00858,63320146.0
1753747200000,1753747200000,0.00858,0.00869,0.00846,0.00864,18014897.0
1753768800000,1753768800000,0.00864,0.00878,0.00854,0.00858,13528763.0
1753790400000,1753790400000,0.00858,0.00882,0.00842,0.00876,21192586.0
1753812000000,1753812000000,0.00876,0.00883,0.00852,0.00864,9565958.0
1753833600000,1753833600000,0.00864,0.00877,0.00847,0.00869,18443381.0
1753855200000,1753855200000,0.00869,0.00874,0.00838,0.00844,25528906.0
1753876800000,1753876800000,0.00844,0.00856,0.00828,0.0085,38743444.0
1753898400000,1753898400000,0.0085,0.00868,0.00822,0.00853,25776838.0
1753920000000,1753920000000,0.00853,0.00865,0.00839,0.00859,14047341.0
1753941600000,1753941600000,0.00859,0.00875,0.00849,0.00869,13483942.0
1753963200000,1753963200000,0.00869,0.00871,0.00819,0.0083,34355082.0
1753984800000,1753984800000,0.0083,0.00836,0.008,0.008,25235248.0
1754006400000,1754006400000,0.008,0.00816,0.00789,0.00798,32764033.0
1754028000000,1754028000000,0.00798,0.00802,0.00772,0.00792,30259142.0
1754049600000,1754049600000,0.00792,0.00803,0.00776,0.00784,23385743.0
1754071200000,1754071200000,0.00784,0.00795,0.00757,0.00783,24828074.0
1754092800000,1754092800000,0.00783,0.00797,0.00778,0.0079,21607547.0
1754114400000,1754114400000,0.0079,0.00795,0.00765,0.00775,20912597.0
1754136000000,1754136000000,0.00775,0.00777,0.00745,0.00746,21119616.0
1754157600000,1754157600000,0.00746,0.00754,0.00734,0.00736,19039159.0
1754179200000,1754179200000,0.00736,0.00753,0.00735,0.00747,13004069.0
1754200800000,1754200800000,0.00747,0.00775,0.00746,0.00765,37870480.0
1754222400000,1754222400000,0.00765,0.00769,0.00759,0.00766,12807319.0
1754244000000,1754244000000,0.00766,0.0077,0.00758,0.00764,11631650.0
1754265600000,1754265600000,0.00764,0.00778,0.00756,0.00765,16950042.0
1754287200000,1754287200000,0.00765,0.00793,0.00764,0.00785,47249913.0
1754308800000,1754308800000,0.00785,0.00822,0.00766,0.00807,122688963.0
1754330400000,1754330400000,0.00807,0.00812,0.00781,0.00788,35016951.0
1754352000000,1754352000000,0.00788,0.00812,0.00772,0.00781,44905752.0
1754373600000,1754373600000,0.00781,0.00783,0.00762,0.00778,31333957.0
1754395200000,1754395200000,0.00778,0.00783,0.00753,0.00764,47715090.0
1754416800000,1754416800000,0.00764,0.00765,0.00742,0.00755,22760701.0
1754438400000,1754438400000,0.00755,0.00764,0.00745,0.00754,42497363.0
1754460000000,1754460000000,0.00754,0.00784,0.00748,0.00763,61477938.0
1754481600000,1754481600000,0.00763,0.00785,0.00761,0.00779,18214102.0
1754503200000,1754503200000,0.00779,0.0078,0.00762,0.00768,13873435.0
1754524800000,1754524800000,0.00768,0.00773,0.00752,0.00757,22654577.0
1754546400000,1754546400000,0.00757,0.00774,0.00751,0.00773,23243923.0
1754568000000,1754568000000,0.00773,0.00792,0.00773,0.00777,31131524.0
1754589600000,1754589600000,0.00777,0.00793,0.00773,0.00793,8687691.0
1754611200000,1754611200000,0.00793,0.00793,0.00771,0.00783,24218917.0
1754632800000,1754632800000,0.00783,0.00799,0.00772,0.0079,26071486.0
1754654400000,1754654400000,0.0079,0.00821,0.00778,0.00794,55734710.0
1754676000000,1754676000000,0.00794,0.00797,0.00783,0.00791,18036126.0
1754697600000,1754697600000,0.00791,0.00804,0.00784,0.00803,12417531.0
1754719200000,1754719200000,0.00803,0.00813,0.00797,0.00807,16129662.0
1754740800000,1754740800000,0.00807,0.00824,0.00804,0.00819,19358534.0
1754762400000,1754762400000,0.00819,0.00823,0.0081,0.00819,13228094.0
1754784000000,1754784000000,0.00819,0.00834,0.00814,0.00818,28655838.0
1754805600000,1754805600000,0.00818,0.00821,0.00795,0.00796,25740226.0
1754827200000,1754827200000,0.00796,0.00832,0.00794,0.0082,26216066.0
1754848800000,1754848800000,0.0082,0.00823,0.00805,0.00816,15165522.0
1754870400000,1754870400000,0.00816,0.00836,0.00813,0.00831,18582042.0
1754892000000,1754892000000,0.00831,0.00838,0.00811,0.00813,27514165.0
1754913600000,1754913600000,0.00813,0.0082,0.00799,0.00803,42001532.0
1754935200000,1754935200000,0.00803,0.00803,0.00769,0.00777,26828877.0
1754956800000,1754956800000,0.00777,0.00795,0.00775,0.00788,14425118.0
1754978400000,1754978400000,0.00788,0.0079,0.00766,0.00772,25382225.0
1755000000000,1755000000000,0.00772,0.00812,0.00769,0.00799,30046111.0
1755021600000,1755021600000,0.00799,0.00806,0.0079,0.00804,22760740.0
1755043200000,1755043200000,0.00804,0.00815,0.00792,0.00792,20068431.0
1755064800000,1755064800000,0.00792,0.00827,0.00786,0.00823,29041129.0
1755086400000,1755086400000,0.00823,0.00848,0.00808,0.00832,65276960.0
1755108000000,1755108000000,0.00832,0.00851,0.00817,0.00844,26363945.0
1755129600000,1755129600000,0.00844,0.00897,0.00816,0.00826,91670402.0
1755151200000,1755151200000,0.00826,0.00841,0.00817,0.00829,27386308.0
1755172800000,1755172800000,0.00829,0.00839,0.00783,0.00788,130680571.0
1755194400000,1755194400000,0.00788,0.00793,0.00779,0.00788,22149440.0
1755216000000,1755216000000,0.00788,0.00803,0.00784,0.00797,14198344.0
1755237600000,1755237600000,0.00797,0.00807,0.00789,0.00789,15490434.0
1755259200000,1755259200000,0.00789,0.00795,0.00758,0.00767,40708624.0
1755280800000,1755280800000,0.00767,0.00768,0.00749,0.00763,17543909.0
1755302400000,1755302400000,0.00763,0.00768,0.00755,0.00759,7315033.0
1755324000000,1755324000000,0.00759,0.00768,0.00756,0.00759,9267585.0
1755345600000,1755345600000,0.00759,0.00777,0.00757,0.00775,16375764.0
1755367200000,1755367200000,0.00775,0.00782,0.00765,0.0077,8533514.0
1755388800000,1755388800000,0.0077,0.00783,0.00769,0.00775,11050038.0
1755410400000,1755410400000,0.00775,0.00792,0.00768,0.00791,20506253.0
1755432000000,1755432000000,0.00791,0.00798,0.00784,0.00788,20358639.0
1755453600000,1755453600000,0.00788,0.00793,0.00768,0.00772,14612492.0
1755475200000,1755475200000,0.00772,0.00774,0.0073,0.00741,48483474.0
1755496800000,1755496800000,0.00741,0.00741,0.00722,0.00736,29603909.0
1755518400000,1755518400000,0.00736,0.00742,0.00727,0.00734,19619148.0
1755540000000,1755540000000,0.00734,0.00742,0.00727,0.00734,8770357.0
1755561600000,1755561600000,0.00734,0.00749,0.00716,0.00726,20512850.0
1755583200000,1755583200000,0.00726,0.00728,0.00712,0.00725,16205510.0
1755604800000,1755604800000,0.00725,0.00728,0.0071,0.00716,19914404.0
1755626400000,1755626400000,0.00716,0.00723,0.00703,0.00713,12221194.0
1755648000000,1755648000000,0.00713,0.00721,0.00708,0.0072,12438138.0
1755669600000,1755669600000,0.0072,0.00736,0.00713,0.00724,15785056.0
1755691200000,1755691200000,0.00724,0.00731,0.00708,0.00726,22025221.0
1755712800000,1755712800000,0.00726,0.00731,0.00722,0.00726,7473391.0
1755734400000,1755734400000,0.00726,0.00739,0.00725,0.00736,22706361.0
1755756000000,1755756000000,0.00736,0.00736,0.00716,0.00721,13217446.0
1755777600000,1755777600000,0.00721,0.00721,0.00693,0.007,46839483.0
1755799200000,1755799200000,0.007,0.00706,0.00694,0.007,15298001.0
1755820800000,1755820800000,0.007,0.00721,0.007,0.00713,21453447.0
1755842400000,1755842400000,0.00713,0.00719,0.00704,0.00705,11461794.0
1755864000000,1755864000000,0.00705,0.00754,0.00685,0.00752,68434425.0
1755885600000,1755885600000,0.00752,0.0077,0.00748,0.00756,22996117.0
1755907200000,1755907200000,0.00756,0.00759,0.00736,0.00745,17555084.0
1755928800000,1755928800000,0.00745,0.0076,0.00742,0.00758,18827567.0
1755950400000,1755950400000,0.00758,0.00796,0.00739,0.00791,22718779.0
1755972000000,1755972000000,0.00791,0.00798,0.0075,0.00754,25781294.0
1755993600000,1755993600000,0.00754,0.00786,0.00754,0.00766,28825606.0
1756015200000,1756015200000,0.00766,0.00775,0.00734,0.00738,29606781.0
1756036800000,1756036800000,0.00738,0.00794,0.00736,0.0078,85464088.0
1756058400000,1756058400000,0.0078,0.00795,0.0075,0.00765,62297532.0
1756080000000,1756080000000,0.00765,0.00783,0.00747,0.00764,16991352.0
1756101600000,1756101600000,0.00764,0.00772,0.00744,0.00761,22202751.0
1756123200000,1756123200000,0.00761,0.00781,0.00742,0.00748,34646450.0
1756144800000,1756144800000,0.00748,0.00752,0.00691,0.00707,97258293.0
1756166400000,1756166400000,0.00707,0.00721,0.00702,0.00718,22724591.0
1756188000000,1756188000000,0.00718,0.00721,0.00707,0.00715,13089655.0
1756209600000,1756209600000,0.00715,0.00729,0.00713,0.00722,22000399.0
1756231200000,1756231200000,0.00722,0.00735,0.00722,0.00726,7925477.0
1756252800000,1756252800000,0.00726,0.00735,0.00718,0.00722,13288022.0
1756274400000,1756274400000,0.00722,0.00725,0.00693,0.00698,27362683.0
1756296000000,1756296000000,0.00698,0.0072,0.00697,0.0072,23474531.0
1756317600000,1756317600000,0.0072,0.00724,0.00703,0.00704,9464600.0
1756339200000,1756339200000,0.00704,0.00723,0.00704,0.00719,8340157.0
1756360800000,1756360800000,0.00719,0.00723,0.00707,0.00718,7144686.0
1756382400000,1756382400000,0.00718,0.00735,0.00712,0.00719,13947953.0
1756404000000,1756404000000,0.00719,0.0072,0.007,0.00715,10744284.0
1756425600000,1756425600000,0.00715,0.0072,0.00699,0.00705,14724805.0
1756447200000,1756447200000,0.00705,0.00713,0.0067,0.00682,62303984.0
1756468800000,1756468800000,0.00682,0.00691,0.00661,0.00662,31957555.0
1756490400000,1756490400000,0.00662,0.00679,0.00654,0.00675,19425681.0
1756512000000,1756512000000,0.00675,0.00688,0.00659,0.00686,12047010.0
1756533600000,1756533600000,0.00686,0.00688,0.0067,0.00679,19978945.0
1756555200000,1756555200000,0.00679,0.00681,0.0067,0.00673,5499907.0
1756576800000,1756576800000,0.00673,0.00678,0.0067,0.00676,2797233.0
1756598400000,1756598400000,0.00676,0.00693,0.00675,0.00675,4578736.0
1756620000000,1756620000000,0.00675,0.0068,0.00664,0.00672,6688613.0
1756641600000,1756641600000,0.00672,0.00676,0.00667,0.00668,6740922.0
1756663200000,1756663200000,0.00668,0.00678,0.00663,0.00664,6388066.0
1756684800000,1756684800000,0.00664,0.00671,0.00662,0.0067,12794397.0
1756706400000,1756706400000,0.0067,0.00683,0.00667,0.00678,13719876.0
1756728000000,1756728000000,0.00678,0.00683,0.00643,0.00649,61972276.0
1756749600000,1756749600000,0.00649,0.00658,0.00618,0.00626,21512044.0
1756771200000,1756771200000,0.00626,0.00652,0.00625,0.00643,9497347.0
1756792800000,1756792800000,0.00643,0.00643,0.00615,0.00624,33285841.0
1756814400000,1756814400000,0.00624,0.00637,0.00619,0.00633,29415340.0
1756836000000,1756836000000,0.00633,0.00637,0.00621,0.00621,29374708.0
1756857600000,1756857600000,0.00621,0.00639,0.00621,0.0063,15201504.0
1756879200000,1756879200000,0.0063,0.00641,0.00628,0.00638,8208075.0
1756900800000,1756900800000,0.00638,0.00647,0.00631,0.00642,14397174.0
1756922400000,1756922400000,0.00642,0.00643,0.00633,0.00636,3593359.0
1756944000000,1756944000000,0.00636,0.00639,0.00623,0.00625,11360856.0
1756965600000,1756965600000,0.00625,0.00627,0.0062,0.00625,4208437.0
1756987200000,1756987200000,0.00625,0.00648,0.00618,0.00639,19320248.0
1757008800000,1757008800000,0.00639,0.00716,0.00612,0.00676,386231257.0
1757030400000,1757030400000,0.00676,0.00689,0.00648,0.00657,58422748.0
1757052000000,1757052000000,0.00657,0.00669,0.0065,0.00661,31858739.0
1757073600000,1757073600000,0.00661,0.00661,0.00642,0.00644,31589877.0
1757095200000,1757095200000,0.00644,0.00645,0.00618,0.00623,31891813.0
1757116800000,1757116800000,0.00623,0.00655,0.00621,0.00652,42063275.0
1757138400000,1757138400000,0.00652,0.00653,0.00624,0.00642,33674893.0
1757160000000,1757160000000,0.00642,0.00643,0.00628,0.00632,24968034.0
1757181600000,1757181600000,0.00632,0.0064,0.00627,0.00635,15236730.0
1757203200000,1757203200000,0.00635,0.00651,0.00624,0.00636,56425496.0
1757224800000,1757224800000,0.00636,0.00638,0.00628,0.00631,21246115.0
1757246400000,1757246400000,0.00631,0.00636,0.00624,0.00627,12978789.0
1757268000000,1757268000000,0.00627,0.00636,0.00621,0.00632,13321800.0
1757289600000,1757289600000,0.00632,0.00648,0.00627,0.00637,23866037.0
1757311200000,1757311200000,0.00637,0.0065,0.00631,0.00638,35110466.0
1757332800000,1757332800000,0.00638,0.00663,0.00637,0.00657,41738890.0
1757354400000,1757354400000,0.00657,0.00667,0.0065,0.00654,26245986.0
1757376000000,1757376000000,0.00654,0.00673,0.00641,0.00656,51619933.0
1757397600000,1757397600000,0.00656,0.00691,0.00655,0.00669,40078252.0
1757419200000,1757419200000,0.00669,0.00678,0.00641,0.00653,36876370.0
1757440800000,1757440800000,0.00653,0.00661,0.00644,0.00651,14746745.0
1757462400000,1757462400000,0.00651,0.00668,0.00645,0.00667,15213543.0
1757484000000,1757484000000,0.00667,0.00684,0.00658,0.00669,34083972.0
1757505600000,1757505600000,0.00669,0.00747,0.00663,0.00717,92670183.0
1757527200000,1757527200000,0.00717,0.00752,0.00692,0.00731,79768353.0
1757548800000,1757548800000,0.00731,0.0099,0.00718,0.0078,665442596.0
1757570400000,1757570400000,0.0078,0.01168,0.00757,0.00984,2949983014.0
1757592000000,1757592000000,0.00984,0.0105,0.00802,0.00917,3407720750.0
1757613600000,1757613600000,0.00917,0.01042,0.00876,0.01033,1132523827.0
1757635200000,1757635200000,0.01033,0.01093,0.009,0.0091,1279504304.0
1757656800000,1757656800000,0.0091,0.00937,0.00878,0.00913,507169397.0
1757678400000,1757678400000,0.00913,0.00972,0.00862,0.00878,390125755.0
1757700000000,1757700000000,0.00878,0.01066,0.00878,0.0102,334765817.0
1757721600000,1757721600000,0.0102,0.01133,0.0094,0.01007,477837887.0
1757743200000,1757743200000,0.01007,0.017,0.01,0.01621,2099594185.0
1757764800000,1757764800000,0.01621,0.0208,0.01353,0.02015,3217134999.0
1757786400000,1757786400000,0.02015,0.02764,0.01939,0.02359,3472775856.0
1757808000000,1757808000000,0.02359,0.02459,0.01912,0.01936,1697630402.0
1757829600000,1757829600000,0.01936,0.02168,0.018,0.02096,1582844710.0
1757851200000,1757851200000,0.02096,0.02178,0.01879,0.01922,964599728.0
1757872800000,1757872800000,0.01922,0.02035,0.01756,0.02018,568041585.0
1757894400000,1757894400000,0.02018,0.02178,0.01951,0.02013,477028126.0
1757916000000,1757916000000,0.02013,0.02073,0.01805,0.01828,397410751.0
1757937600000,1757937600000,0.01828,0.01842,0.01483,0.01637,752895907.0
1757959200000,1757959200000,0.01637,0.01637,0.0134,0.01361,340677628.0
1757980800000,1757980800000,0.01361,0.01488,0.01293,0.01438,384695237.0
1758002400000,1758002400000,0.01438,0.0174,0.01363,0.01691,694811011.0
1758024000000,1758024000000,0.01691,0.02013,0.01612,0.01663,922143153.0
1758045600000,1758045600000,0.01663,0.01987,0.01581,0.01895,572035142.0
1758067200000,1758067200000,0.01895,0.02088,0.01769,0.01868,894525476.0
1758088800000,1758088800000,0.01868,0.01956,0.01814,0.01903,423095300.0
1758110400000,1758110400000,0.01903,0.01941,0.01783,0.01821,379038735.0
1758132000000,1758132000000,0.01821,0.01927,0.01795,0.01859,200354623.0
1758153600000,1758153600000,0.01859,0.019,0.01802,0.01843,127833634.0
1758175200000,1758175200000,0.01843,0.01858,0.01731,0.01764,167590844.0
1758196800000,1758196800000,0.01764,0.01932,0.01722,0.01832,272544645.0
1758218400000,1758218400000,0.01832,0.01952,0.01773,0.0192,114393828.0
1758240000000,1758240000000,0.0192,0.01966,0.01788,0.01877,127958182.0
1758261600000,1758261600000,0.01877,0.01884,0.01763,0.01794,79827246.0
1758283200000,1758283200000,0.01794,0.019,0.01763,0.01778,134865984.0
1758304800000,1758304800000,0.01778,0.01867,0.0177,0.01803,54399926.0
1758326400000,1758326400000,0.01803,0.01822,0.01664,0.01775,96511858.0
1758348000000,1758348000000,0.01775,0.01775,0.0168,0.01711,67465380.0
1758369600000,1758369600000,0.01711,0.01733,0.01651,0.01684,71498774.0
1758391200000,1758391200000,0.01684,0.01687,0.01589,0.01611,46236242.0
1758412800000,1758412800000,0.01611,0.0173,0.0159,0.01663,86262913.0
1758434400000,1758434400000,0.01663,0.02026,0.01639,0.01833,546987710.0
1758456000000,1758456000000,0.01833,0.02086,0.01744,0.01784,367845392.0
1758477600000,1758477600000,0.01784,0.01814,0.01735,0.01787,67381387.0
1758499200000,1758499200000,0.01787,0.01801,0.0168,0.01706,114670539.0
1758520800000,1758520800000,0.01706,0.01708,0.01512,0.01545,162989528.0
1758542400000,1758542400000,0.01545,0.01716,0.01454,0.01486,201163002.0
1758564000000,1758564000000,0.01486,0.01551,0.01467,0.01492,64472990.0
1758585600000,1758585600000,0.01492,0.01522,0.01375,0.01456,77267740.0
1758607200000,1758607200000,0.01456,0.01533,0.01426,0.01444,69437709.0
1758628800000,1758628800000,0.01444,0.01532,0.01408,0.01414,77674968.0
1758650400000,1758650400000,0.01414,0.01415,0.01344,0.01377,41838933.0
1758672000000,1758672000000,0.01377,0.01482,0.01363,0.01439,71275628.0
1758693600000,1758693600000,0.01439,0.0149,0.01405,0.01482,65590976.0
1758715200000,1758715200000,0.01482,0.01505,0.01367,0.01387,55207401.0
1758736800000,1758736800000,0.01387,0.01407,0.01349,0.01399,27601271.0
1758758400000,1758758400000,0.01399,0.01546,0.01381,0.01515,138868779.0
1758780000000,1758780000000,0.01515,0.01626,0.01463,0.01519,194848813.0
1758801600000,1758801600000,0.01519,0.01521,0.01373,0.01387,265451690.0
1758823200000,1758823200000,0.01387,0.01397,0.01261,0.01286,69911554.0
1758844800000,1758844800000,0.01286,0.01333,0.01266,0.01294,51740004.0
1758866400000,1758866400000,0.01294,0.0131,0.01248,0.01272,47531627.0
1758888000000,1758888000000,0.01272,0.013,0.01242,0.01293,61182455.0
1758909600000,1758909600000,0.01293,0.01334,0.01269,0.01326,35375485.0
1758931200000,1758931200000,0.01326,0.01359,0.01257,0.01295,62306498.0
1758952800000,1758952800000,0.01295,0.0141,0.01289,0.01357,77371228.0
1758974400000,1758974400000,0.01357,0.01388,0.01272,0.01313,118429374.0
1758996000000,1758996000000,0.01313,0.01333,0.01303,0.01306,20339369.0
1759017600000,1759017600000,0.01306,0.01321,0.01263,0.01287,41197086.0
1759039200000,1759039200000,0.01287,0.01296,0.01204,0.01246,53392522.0
1759060800000,1759060800000,0.01246,0.01265,0.01218,0.01243,42793895.0
1759082400000,1759082400000,0.01243,0.01274,0.01216,0.01263,26984087.0
1759104000000,1759104000000,0.01263,0.01287,0.0124,0.01258,23982615.0
1759125600000,1759125600000,0.01258,0.01367,0.01248,0.01293,83033737.0
1759147200000,1759147200000,0.01293,0.01382,0.01255,0.01297,93189471.0
1759168800000,1759168800000,0.01297,0.01345,0.01292,0.013,31356407.0
1759190400000,1759190400000,0.013,0.01312,0.01244,0.01253,29449648.0
1759212000000,1759212000000,0.01253,0.01256,0.0115,0.01168,101090232.0
1759233600000,1759233600000,0.01168,0.01193,0.01067,0.01072,112689677.0
1759255200000,1759255200000,0.01072,0.01111,0.01052,0.01078,62502418.0
1759276800000,1759276800000,0.01078,0.01197,0.01073,0.01192,99497750.0
1759298400000,1759298400000,0.01192,0.01236,0.01151,0.01211,98262949.0
1759320000000,1759320000000,0.01211,0.01222,0.01161,0.01188,42810901.0
1759341600000,1759341600000,0.01188,0.01213,0.01174,0.0121,16305057.0
1759363200000,1759363200000,0.0121,0.01252,0.01166,0.01222,63631181.0
1759384800000,1759384800000,0.01222,0.01476,0.01208,0.01436,237495083.0
1759406400000,1759406400000,0.01436,0.01592,0.01344,0.01409,422534350.0
1759428000000,1759428000000,0.01409,0.01436,0.01316,0.01374,84566361.0
1759449600000,1759449600000,0.01374,0.01375,0.013,0.01354,47133642.0
1759471200000,1759471200000,0.01354,0.01382,0.01256,0.01271,92263499.0
1759492800000,1759492800000,0.01271,0.01312,0.0123,0.01261,97627612.0
1759514400000,1759514400000,0.01261,0.01286,0.01214,0.01252,56740947.0
1759536000000,1759536000000,0.01252,0.01277,0.01234,0.01248,24245386.0
1759557600000,1759557600000,0.01248,0.01272,0.0123,0.01237,28085751.0
1759579200000,1759579200000,0.01237,0.01274,0.01189,0.01207,57759821.0
1759600800000,1759600800000,0.01207,0.01243,0.01207,0.01232,16522358.0
1759622400000,1759622400000,0.01232,0.01253,0.0121,0.01237,22680210.0
1759644000000,1759644000000,0.01237,0.01271,0.01227,0.01229,26736233.0
1759665600000,1759665600000,0.01229,0.01321,0.01215,0.0125,96279925.0
1759687200000,1759687200000,0.0125,0.01268,0.01219,0.01268,25301909.0
1759708800000,1759708800000,0.01268,0.01273,0.01186,0.01193,41851725.0
1759730400000,1759730400000,0.01193,0.01207,0.0118,0.01193,27005807.0
1759752000000,1759752000000,0.01193,0.01228,0.0119,0.01221,29932226.0
1759773600000,1759773600000,0.01221,0.01242,0.01199,0.01211,26759212.0
1759795200000,1759795200000,0.01211,0.0124,0.01189,0.01204,26443125.0
1759816800000,1759816800000,0.01204,0.01205,0.01173,0.01191,22579018.0
1759838400000,1759838400000,0.01191,0.012,0.01094,0.01107,72407664.0
1759860000000,1759860000000,0.01107,0.01132,0.01105,0.01118,17831879.0
1759881600000,1759881600000,0.01118,0.01121,0.01078,0.01093,30911604.0
1759903200000,1759903200000,0.01093,0.01126,0.01086,0.0112,15897909.0
1759924800000,1759924800000,0.0112,0.01183,0.0112,0.01152,41628323.0
1759946400000,1759946400000,0.01152,0.01171,0.01143,0.01148,17996290.0
1759968000000,1759968000000,0.01148,0.01162,0.01108,0.01111,31192217.0
1759989600000,1759989600000,0.01111,0.01113,0.01061,0.01077,27267362.0
1760011200000,1760011200000,0.01077,0.0113,0.0106,0.0109,53100699.0
1760032800000,1760032800000,0.0109,0.01095,0.01069,0.01085,18618078.0
1760054400000,1760054400000,0.01085,0.01105,0.01081,0.01087,22521670.0
1760076000000,1760076000000,0.01087,0.011,0.01061,0.01095,22613711.0
1760097600000,1760097600000,0.01095,0.01102,0.01018,0.01022,49453858.0
1760119200000,1760119200000,0.01022,0.0112,0.00544,0.00817,349668027.0
1760140800000,1760140800000,0.00817,0.00904,0.00776,0.00821,115139994.0
1760162400000,1760162400000,0.00821,0.00851,0.00803,0.00814,39743337.0
1760184000000,1760184000000,0.00814,0.00836,0.00797,0.00821,27314117.0
1760205600000,1760205600000,0.00821,0.00834,0.0075,0.00776,39543479.0
1760227200000,1760227200000,0.00776,0.00806,0.00769,0.00786,23162034.0
1760248800000,1760248800000,0.00786,0.00796,0.00774,0.00787,13063023.0
1760270400000,1760270400000,0.00787,0.0085,0.00778,0.00841,31625778.0
1760292000000,1760292000000,0.00841,0.0102,0.00835,0.00943,112005118.0
1760313600000,1760313600000,0.00943,0.00986,0.00908,0.00938,75537597.0
1760335200000,1760335200000,0.00938,0.0098,0.00928,0.00931,52615667.0
1760356800000,1760356800000,0.00931,0.00962,0.00911,0.00952,40767165.0
1760378400000,1760378400000,0.00952,0.01008,0.00943,0.00994,27266783.0
1760400000000,1760400000000,0.00994,0.01034,0.00917,0.00928,55376079.0
1760421600000,1760421600000,0.00928,0.00931,0.00871,0.00906,59484251.0
1760443200000,1760443200000,0.00906,0.00955,0.00876,0.00907,38272031.0
1760464800000,1760464800000,0.00907,0.00938,0.00905,0.00932,12027612.0
1760486400000,1760486400000,0.00932,0.00946,0.00901,0.00914,27426020.0
1760508000000,1760508000000,0.00914,0.00953,0.00903,0.00941,24859495.0
1760529600000,1760529600000,0.00941,0.00975,0.00907,0.00936,61541628.0
1760551200000,1760551200000,0.00936,0.00936,0.00903,0.00918,19034606.0
1760572800000,1760572800000,0.00918,0.00933,0.00889,0.00904,35709210.0
1760594400000,1760594400000,0.00904,0.00949,0.00879,0.00943,57318339.0
1760616000000,1760616000000,0.00943,0.00998,0.00907,0.00942,97032888.0
1760637600000,1760637600000,0.00942,0.00944,0.00894,0.00921,28364738.0
1760659200000,1760659200000,0.00921,0.01,0.00908,0.00979,41474760.0
1760680800000,1760680800000,0.00979,0.00983,0.00867,0.00945,116635468.0
1760702400000,1760702400000,0.00945,0.01064,0.00922,0.00932,205612643.0
1760724000000,1760724000000,0.00932,0.00967,0.00923,0.0096,23631988.0
